id,timestamp,amount,type,category,description,account_balance,business_type,tags
TXN-79F5A3AD1634,2026-03-01T02:22:00,2999.0,DEBIT,subscriptions,Shopify subscription,297408.71,retailer,"subscription,recurring"
TXN-410242D02BED,2026-03-01T10:44:00,45774.86,DEBIT,rent,Rent - Mar 2026,423952.09,retailer,"recurring,fixed_cost"
TXN-65C8B2D31C38,2026-03-05T10:00:00,1800.47,DEBIT,pos_fees,Pos Fees - Mar 2026,300407.71,retailer,"recurring,fixed_cost"
TXN-2AEBE814C7B2,2026-03-10T00:08:00,1499.0,DEBIT,subscriptions,QuickBooks subscription,295909.71,retailer,"subscription,recurring"
TXN-C3828BF9957A,2026-03-15T10:38:00,3494.34,DEBIT,insurance,Insurance - Mar 2026,302208.18,retailer,"recurring,fixed_cost"
TXN-61B41FF82EF8,2026-03-20T05:23:00,799.0,DEBIT,subscriptions,Slack subscription,295110.71,retailer,"subscription,recurring"
TXN-C808538AB746,2026-03-25T03:15:00,1200.0,DEBIT,subscriptions,Google Workspace subscription,293910.71,retailer,"subscription,recurring"
TXN-DD8F2AD19F4E,2026-03-28T08:10:14,181.34,CREDIT,bulk_order,Wholesale order,303245.99,retailer,"sale,peak_day"
TXN-A88280C6E646,2026-03-28T08:32:08,364.41,CREDIT,bulk_order,Bulk purchase - B2B,297275.63,retailer,"sale,peak_day"
TXN-1715F4999CD7,2026-03-28T08:35:24,406.74,CREDIT,returns_received,Return from vendor,306944.54,retailer,"sale,peak_day"
TXN-DBAB7F99477D,2026-03-28T08:44:22,462.24,CREDIT,online_sales,Online cart,299417.36,retailer,"sale,peak_day"
TXN-3FC4144EB13E,2026-03-28T08:51:14,226.58,CREDIT,returns_received,Supplier credit note,300732.65,retailer,"sale,peak_day"
TXN-D8C2A31B7AF1,2026-03-28T08:56:58,112.25,CREDIT,returns_received,Return from vendor,306537.8,retailer,"sale,peak_day"
TXN-8AA0E52CFC3F,2026-03-28T10:35:15,722.0,CREDIT,bulk_order,Bulk purchase - B2B,297997.63,retailer,"sale,peak_day"
TXN-84C22E837E18,2026-03-28T10:53:31,546.77,CREDIT,bulk_order,Wholesale order,300506.07,retailer,"sale,peak_day"
TXN-10705B0D0E87,2026-03-28T11:08:00,118249.57,DEBIT,salaries,Salaries - Mar 2026,305702.52,retailer,"recurring,fixed_cost"
TXN-A8979D13DF55,2026-03-28T11:18:15,106.73,CREDIT,product_sales,Counter sale,301491.9,retailer,"sale,peak_day"
TXN-082FD312F7B3,2026-03-28T11:19:00,711.8,DEBIT,inventory_purchase,Stock order #TXN-15B3,305883.43,retailer,"expense,inventory_order"
TXN-853AA8842830,2026-03-28T11:54:36,562.2,CREDIT,product_sales,Walk-in customer,304068.3,retailer,"sale,peak_day"
TXN-791F445467DA,2026-03-28T11:55:25,293.01,CREDIT,product_sales,In-store sales,296024.13,retailer,"sale,peak_day"
TXN-441046ABFDCA,2026-03-28T12:09:39,113.27,CREDIT,online_sales,Website checkout,307057.81,retailer,"sale,peak_day"
TXN-8EAE91868240,2026-03-28T12:33:17,454.14,CREDIT,returns_received,Return from vendor,298612.37,retailer,"sale,peak_day"
TXN-B9A2C219F89B,2026-03-28T12:52:31,461.92,CREDIT,returns_received,Supplier credit note,305455.83,retailer,"sale,peak_day"
TXN-94F693921F1B,2026-03-28T13:52:36,243.7,CREDIT,returns_received,Return from vendor,295348.33,retailer,"sale,peak_day"
TXN-E773CCCAAB2C,2026-03-28T14:03:30,560.94,CREDIT,product_sales,Counter sale,302052.84,retailer,"sale,peak_day"
TXN-7E46ED52E4F2,2026-03-28T14:27:39,722.02,CREDIT,product_sales,Walk-in customer,295104.63,retailer,"sale,peak_day"
TXN-FB09B6A0372D,2026-03-28T14:34:14,515.66,CREDIT,bulk_order,Wholesale order,301385.17,retailer,"sale,peak_day"
TXN-F2BCD8B344D8,2026-03-28T14:39:05,311.19,CREDIT,returns_received,Supplier credit note,304993.91,retailer,"sale,peak_day"
TXN-8CDE4740CA2C,2026-03-28T15:40:09,136.86,CREDIT,returns_received,Return from vendor,300869.51,retailer,"sale,peak_day"
TXN-78BBE55394A4,2026-03-28T15:46:11,137.9,CREDIT,bulk_order,Bulk purchase - B2B,305593.73,retailer,"sale,peak_day"
TXN-1972B42C228D,2026-03-28T16:29:51,831.82,CREDIT,online_sales,Online cart,306425.55,retailer,"sale,peak_day"
TXN-D7E016141F49,2026-03-28T16:33:49,528.5,CREDIT,returns_received,Supplier credit note,303064.65,retailer,"sale,peak_day"
TXN-0CE0863ADB0E,2026-03-28T16:37:20,614.42,CREDIT,product_sales,In-store sales,304682.72,retailer,"sale,peak_day"
TXN-A4FBEC2372C0,2026-03-28T16:51:09,342.75,CREDIT,online_sales,Shopify order,298955.12,retailer,"sale,peak_day"
TXN-CB904FC6457B,2026-03-28T17:22:19,160.6,CREDIT,online_sales,Website checkout,298158.23,retailer,"sale,peak_day"
TXN-33466D8FFAFF,2026-03-28T17:28:38,35.78,CREDIT,product_sales,Walk-in customer,296911.22,retailer,"sale,peak_day"
TXN-E46D0E3FC022,2026-03-28T17:29:24,480.23,CREDIT,online_sales,Shopify order,296504.36,retailer,"sale,peak_day"
TXN-7156E685A43D,2026-03-28T17:36:46,260.11,CREDIT,returns_received,Return from vendor,303506.1,retailer,"sale,peak_day"
TXN-2CECA5D01B44,2026-03-28T17:37:00,462.58,DEBIT,maintenance,Plumbing repair,306595.23,retailer,expense
TXN-3AD79239890D,2026-03-28T17:45:00,382.79,CREDIT,product_sales,Counter sale,295731.12,retailer,"sale,peak_day"
TXN-C49494CB511E,2026-03-28T18:38:09,371.08,CREDIT,product_sales,In-store sales,296875.44,retailer,"sale,peak_day"
TXN-3788309256DA,2026-03-28T18:45:04,541.94,CREDIT,bulk_order,Wholesale order,299959.3,retailer,"sale,peak_day"
TXN-B890CEABCA4A,2026-03-28T20:39:41,471.9,CREDIT,returns_received,Supplier credit note,294382.61,retailer,"sale,peak_day"
TXN-7EFEDA852615,2026-03-28T20:49:00,483.31,CREDIT,product_sales,POS transaction,302536.15,retailer,"sale,peak_day"
TXN-C1AE0FB66E82,2026-03-29T08:19:06,245.25,CREDIT,bulk_order,Wholesale order,323794.08,retailer,"sale,peak_day"
TXN-E847B20C7300,2026-03-29T08:27:52,280.98,CREDIT,returns_received,Supplier credit note,312922.43,retailer,"sale,peak_day"
TXN-F741015AA28C,2026-03-29T09:15:11,769.95,CREDIT,online_sales,Website checkout,313692.38,retailer,"sale,peak_day"
TXN-2F83EA9C361A,2026-03-29T09:18:10,766.03,CREDIT,online_sales,Shopify order,320175.96,retailer,"sale,peak_day"
TXN-EA349697DD15,2026-03-29T09:40:36,316.24,CREDIT,online_sales,Shopify order,328591.02,retailer,"sale,peak_day"
TXN-54A24B3BA94A,2026-03-29T09:49:00,97.53,DEBIT,maintenance,AC servicing,326773.09,retailer,expense
TXN-1D350598D1D7,2026-03-29T10:06:09,491.77,CREDIT,online_sales,Online cart,326173.48,retailer,"sale,peak_day"
TXN-A3A7999A599C,2026-03-29T10:14:24,40.5,CREDIT,online_sales,Website checkout,315071.64,retailer,"sale,peak_day"
TXN-3C6DBDB31406,2026-03-29T10:30:28,64.47,CREDIT,bulk_order,Wholesale order,315136.11,retailer,"sale,peak_day"
TXN-F340697E2BCD,2026-03-29T10:32:23,303.19,CREDIT,online_sales,Shopify order,310133.53,retailer,"sale,peak_day"
TXN-D4EA9CA3D66D,2026-03-29T10:50:00,106.26,DEBIT,inventory_purchase,Stock order #TXN-4BAB,329350.79,retailer,"expense,inventory_order"
TXN-BEF3C31C401F,2026-03-29T11:18:29,385.82,CREDIT,online_sales,Shopify order,311406.08,retailer,"sale,peak_day"
TXN-984098EBA185,2026-03-29T11:27:00,1658.82,DEBIT,logistics,Shipping cost,327691.97,retailer,expense
TXN-6A31918AC2B8,2026-03-29T11:27:50,261.89,CREDIT,bulk_order,Wholesale order,315854.96,retailer,"sale,peak_day"
TXN-A5FAAE2AE066,2026-03-29T11:42:29,522.03,CREDIT,returns_received,Supplier credit note,327563.71,retailer,"sale,peak_day"
TXN-D902CF5802F4,2026-03-29T11:53:42,833.69,CREDIT,bulk_order,Corporate purchase,315031.14,retailer,"sale,peak_day"
TXN-967A25222855,2026-03-29T12:27:07,126.29,CREDIT,product_sales,In-store sales,324350.92,retailer,"sale,peak_day"
TXN-2B337EFDB07B,2026-03-29T12:58:32,647.51,CREDIT,returns_received,Return from vendor,318863.12,retailer,"sale,peak_day"
TXN-A29A9D01D464,2026-03-29T13:32:54,196.3,CREDIT,product_sales,Counter sale,316051.26,retailer,"sale,peak_day"
TXN-704DC32CA666,2026-03-29T13:34:43,710.58,CREDIT,bulk_order,Wholesale order,325681.71,retailer,"sale,peak_day"
TXN-AB33BE66FAA7,2026-03-29T13:38:50,790.53,CREDIT,bulk_order,Wholesale order,316926.07,retailer,"sale,peak_day"
TXN-1D4B48894108,2026-03-29T14:09:17,10.0,CREDIT,bulk_order,Bulk purchase - B2B,321648.28,retailer,"sale,peak_day"
TXN-466CBEB70E69,2026-03-29T14:17:22,446.8,CREDIT,bulk_order,Bulk purchase - B2B,318215.61,retailer,"sale,peak_day"
TXN-4C7171A75B90,2026-03-29T14:21:02,479.09,CREDIT,product_sales,Walk-in customer,307532.45,retailer,"sale,peak_day"
TXN-B84380FE2129,2026-03-29T14:21:36,185.91,CREDIT,returns_received,Supplier credit note,324971.13,retailer,"sale,peak_day"
TXN-3C413BC59D67,2026-03-29T15:06:57,683.9,CREDIT,product_sales,Walk-in customer,320859.86,retailer,"sale,peak_day"
TXN-224366FB7DC5,2026-03-29T15:15:31,61.27,CREDIT,product_sales,POS transaction,305944.7,retailer,"sale,peak_day"
TXN-4C5E3032814D,2026-03-29T15:39:10,405.48,CREDIT,bulk_order,Bulk purchase - B2B,328274.78,retailer,"sale,peak_day"
TXN-07DB212EF5B3,2026-03-29T15:40:50,452.8,CREDIT,bulk_order,Bulk purchase - B2B,309657.3,retailer,"sale,peak_day"
TXN-094E4971F11E,2026-03-29T15:59:33,305.59,CREDIT,online_sales,Amazon marketplace,327869.3,retailer,"sale,peak_day"
TXN-1BEC01131065,2026-03-29T16:19:19,808.51,CREDIT,product_sales,Counter sale,308340.96,retailer,"sale,peak_day"
TXN-1F1A285D662A,2026-03-29T16:26:58,270.74,CREDIT,online_sales,Online cart,311020.26,retailer,"sale,peak_day"
TXN-439E8C9AA33C,2026-03-29T16:35:54,146.83,CREDIT,product_sales,In-store sales,322944.28,retailer,"sale,peak_day"
TXN-E5F4E0F3E00C,2026-03-29T16:51:01,147.58,CREDIT,online_sales,Online cart,312063.5,retailer,"sale,peak_day"
TXN-E78301CD3266,2026-03-29T16:57:42,505.07,CREDIT,bulk_order,Corporate purchase,314197.45,retailer,"sale,peak_day"
TXN-4BAA567E3AEB,2026-03-29T17:07:57,868.2,CREDIT,returns_received,Supplier credit note,327041.68,retailer,"sale,peak_day"
TXN-69B6DF034838,2026-03-29T17:11:12,456.96,CREDIT,product_sales,Walk-in customer,315593.07,retailer,"sale,peak_day"
TXN-CED8198059AE,2026-03-29T17:17:37,180.38,CREDIT,product_sales,In-store sales,310446.39,retailer,"sale,peak_day"
TXN-0FEA8D6B2D9E,2026-03-29T17:50:55,406.02,CREDIT,online_sales,Shopify order,311812.1,retailer,"sale,peak_day"
TXN-50D7713ED4CC,2026-03-29T17:51:58,705.83,CREDIT,returns_received,Supplier credit note,306650.53,retailer,"sale,peak_day"
TXN-B04C808C3720,2026-03-29T18:18:00,821.35,DEBIT,inventory_purchase,Stock order #TXN-E44A,326870.62,retailer,"expense,inventory_order"
TXN-44BF323249E8,2026-03-29T18:22:24,430.55,CREDIT,returns_received,Return from vendor,324224.63,retailer,"sale,peak_day"
TXN-1AD4C3E1B022,2026-03-29T18:40:24,282.76,CREDIT,product_sales,In-store sales,317208.83,retailer,"sale,peak_day"
TXN-7080E6DB90B8,2026-03-29T18:54:59,285.07,CREDIT,bulk_order,Bulk purchase - B2B,309204.5,retailer,"sale,peak_day"
TXN-25BD050508E6,2026-03-29T18:56:05,81.21,CREDIT,product_sales,POS transaction,329457.05,retailer,"sale,peak_day"
TXN-91AF1F2A30AA,2026-03-29T19:01:30,303.13,CREDIT,product_sales,Walk-in customer,310749.52,retailer,"sale,peak_day"
TXN-99E15DB3B950,2026-03-29T19:13:20,501.15,CREDIT,bulk_order,Bulk purchase - B2B,329183.64,retailer,"sale,peak_day"
TXN-203A039B7E26,2026-03-29T19:26:45,434.3,CREDIT,bulk_order,Wholesale order,324785.22,retailer,"sale,peak_day"
TXN-A51C0077B2E2,2026-03-29T19:29:27,84.28,CREDIT,online_sales,Shopify order,316135.54,retailer,"sale,peak_day"
TXN-435B6603DCA5,2026-03-29T19:32:48,546.81,CREDIT,returns_received,Return from vendor,319409.93,retailer,"sale,peak_day"
TXN-69450B6F77B3,2026-03-29T19:36:00,577.95,CREDIT,product_sales,In-store sales,312641.45,retailer,"sale,peak_day"
TXN-1506C02CBA2E,2026-03-29T19:46:47,132.48,CREDIT,product_sales,Walk-in customer,310266.01,retailer,"sale,peak_day"
TXN-47B38273067B,2026-03-29T19:47:29,563.3,CREDIT,online_sales,Shopify order,322211.58,retailer,"sale,peak_day"
TXN-F50C93ACCDD1,2026-03-29T19:50:19,559.98,CREDIT,returns_received,Return from vendor,317768.81,retailer,"sale,peak_day"
TXN-F414396F75FD,2026-03-29T20:00:50,103.82,CREDIT,online_sales,Shopify order,311915.92,retailer,"sale,peak_day"
TXN-ED81F5F52F5B,2026-03-29T20:01:14,91.47,CREDIT,product_sales,POS transaction,328682.49,retailer,"sale,peak_day"
TXN-8CB2A6495257,2026-03-29T20:01:46,147.01,CREDIT,returns_received,Supplier credit note,308487.97,retailer,"sale,peak_day"
TXN-1AA56DEDA303,2026-03-29T20:03:41,604.55,CREDIT,product_sales,Counter sale,323548.83,retailer,"sale,peak_day"
TXN-B94E0929D9B3,2026-03-29T20:05:29,402.83,CREDIT,bulk_order,Bulk purchase - B2B,307053.36,retailer,"sale,peak_day"
TXN-E7940FA8BF1B,2026-03-29T20:16:13,778.42,CREDIT,online_sales,Amazon marketplace,321638.28,retailer,"sale,peak_day"
TXN-057FA7D8A80B,2026-03-29T20:19:38,192.2,CREDIT,bulk_order,Corporate purchase,329375.84,retailer,"sale,peak_day"
TXN-3659755822E6,2026-03-29T20:23:56,431.46,CREDIT,bulk_order,Corporate purchase,308919.43,retailer,"sale,peak_day"
TXN-0ED4AD3ED7F6,2026-03-29T20:24:59,585.87,CREDIT,bulk_order,Wholesale order,322797.45,retailer,"sale,peak_day"
TXN-668D3DB29D61,2026-03-29T20:27:19,173.04,CREDIT,online_sales,Website checkout,309830.34,retailer,"sale,peak_day"
TXN-51AE37058456,2026-03-30T08:04:47,527.37,CREDIT,bulk_order,Wholesale order,329709.68,retailer,sale
TXN-FEB3C8154CB7,2026-03-30T08:04:52,213.76,CREDIT,bulk_order,Corporate purchase,340694.32,retailer,sale
TXN-F760889008EC,2026-03-30T08:22:00,712.95,CREDIT,online_sales,Website checkout,332319.53,retailer,sale
TXN-45441AA49556,2026-03-30T08:27:52,258.03,CREDIT,product_sales,Counter sale,332577.56,retailer,sale
TXN-AFAE186DD78E,2026-03-30T09:27:20,129.36,CREDIT,bulk_order,Wholesale order,338682.98,retailer,sale
TXN-62159AF915BB,2026-03-30T09:54:13,339.7,CREDIT,product_sales,In-store sales,336618.04,retailer,sale
TXN-0B9A17BF449B,2026-03-30T10:15:06,299.42,CREDIT,online_sales,Shopify order,336278.34,retailer,sale
TXN-2DD986B4D0BB,2026-03-30T10:23:53,623.94,CREDIT,product_sales,POS transaction,331041.87,retailer,sale
TXN-DCDAC3517E54,2026-03-30T10:57:35,466.52,CREDIT,returns_received,Supplier credit note,327239.61,retailer,sale
TXN-3DD9D127D881,2026-03-30T11:20:15,564.71,CREDIT,product_sales,Counter sale,331606.58,retailer,sale
TXN-6651DD154557,2026-03-30T11:39:13,342.15,CREDIT,online_sales,Website checkout,332919.71,retailer,sale
TXN-1F77EDF1C475,2026-03-30T12:19:45,104.23,CREDIT,product_sales,In-store sales,340798.55,retailer,sale
TXN-34FFEA46B4C5,2026-03-30T12:22:29,777.19,CREDIT,returns_received,Return from vendor,334506.78,retailer,sale
TXN-3F4D91C9ECCA,2026-03-30T12:41:21,475.86,CREDIT,online_sales,Shopify order,335562.66,retailer,sale
TXN-03A16D821AE0,2026-03-30T12:51:32,450.93,CREDIT,returns_received,Supplier credit note,330160.61,retailer,sale
TXN-FFA4C58F0D2B,2026-03-30T12:52:00,251.81,DEBIT,inventory_purchase,Stock order #TXN-58F9,340652.11,retailer,"expense,inventory_order"
TXN-AC59B72564B6,2026-03-30T13:11:59,258.32,CREDIT,online_sales,Shopify order,338553.62,retailer,sale
TXN-C9F239599BD4,2026-03-30T13:14:18,100.53,CREDIT,bulk_order,Wholesale order,339140.2,retailer,sale
TXN-520AF42B682E,2026-03-30T13:51:43,580.02,CREDIT,product_sales,POS transaction,335086.8,retailer,sale
TXN-D3D180C73887,2026-03-30T13:56:00,743.82,DEBIT,marketing,Influencer payment,339024.02,retailer,expense
TXN-CDB6ABB7EA4F,2026-03-30T14:45:16,910.96,CREDIT,returns_received,Supplier credit note,337529.0,retailer,sale
TXN-CCEB22E12BAB,2026-03-30T16:04:10,571.81,CREDIT,bulk_order,Corporate purchase,328400.03,retailer,sale
TXN-5AE7BC0CA253,2026-03-30T16:13:54,566.65,CREDIT,returns_received,Supplier credit note,328966.68,retailer,sale
TXN-45B39C1C5970,2026-03-30T16:22:59,172.27,CREDIT,returns_received,Return from vendor,335734.93,retailer,sale
TXN-76D253FC7C1F,2026-03-30T16:57:29,612.79,CREDIT,product_sales,Counter sale,339897.65,retailer,sale
TXN-EE2472CF185C,2026-03-30T17:04:35,809.88,CREDIT,returns_received,Return from vendor,333729.59,retailer,sale
TXN-D0EA9DB75F67,2026-03-30T17:10:00,1193.22,DEBIT,utilities,Gas bill,337830.8,retailer,expense
TXN-00EAAE0B22EE,2026-03-30T17:41:28,105.37,CREDIT,online_sales,Online cart,340903.92,retailer,sale
TXN-93AF01A71E40,2026-03-30T17:58:19,582.91,CREDIT,online_sales,Amazon marketplace,340480.56,retailer,sale
TXN-D0751CBD630B,2026-03-30T17:58:49,766.3,CREDIT,online_sales,Shopify order,338295.3,retailer,sale
TXN-8537C2D491E2,2026-03-30T18:12:00,243.99,CREDIT,product_sales,In-store sales,335978.92,retailer,sale
TXN-AA4313448C15,2026-03-30T18:14:23,356.69,CREDIT,online_sales,Amazon marketplace,339039.67,retailer,sale
TXN-AC811F500FE8,2026-03-30T18:30:24,215.63,CREDIT,bulk_order,Bulk purchase - B2B,329182.31,retailer,sale
TXN-0330A73BDE48,2026-03-30T18:43:00,884.27,DEBIT,utilities,Electricity bill,339767.84,retailer,expense
TXN-610CB4A5B8CD,2026-03-30T19:53:24,588.61,CREDIT,bulk_order,Wholesale order,327828.22,retailer,sale
TXN-DBFF7ACE5684,2026-03-30T20:31:58,257.32,CREDIT,online_sales,Shopify order,330417.93,retailer,sale
TXN-49F354613B3B,2026-03-30T20:32:04,144.66,CREDIT,product_sales,Walk-in customer,339284.86,retailer,sale
TXN-5878723F8291,2026-03-31T08:35:00,670.09,DEBIT,marketing,Google Ads,337406.54,retailer,expense
TXN-60A94252FBD0,2026-03-31T08:45:00,139.22,DEBIT,logistics,Courier charges,338076.63,retailer,expense
TXN-EA398594002E,2026-03-31T14:21:00,1008.98,DEBIT,marketing,Facebook Ads,336397.56,retailer,expense
TXN-F94268E6A4EF,2026-03-31T19:07:20,385.05,CREDIT,online_sales,Shopify order,338215.85,retailer,sale
TXN-1EFCDAB7744F,2026-04-01T05:33:00,2999.0,DEBIT,subscriptions,Shopify subscription,164486.09,retailer,"subscription,recurring"
TXN-324A46FF5C27,2026-04-01T08:54:15,191.32,CREDIT,returns_received,Supplier credit note,169221.72,retailer,sale
TXN-21F2EFD08825,2026-04-01T09:19:30,453.81,CREDIT,returns_received,Return from vendor,162542.83,retailer,sale
TXN-D979695D0BAE,2026-04-01T09:32:00,45879.1,DEBIT,rent,Rent - Apr 2026,290518.46,retailer,"recurring,fixed_cost"
TXN-F288A87A0EE4,2026-04-01T09:57:16,506.66,CREDIT,online_sales,Website checkout,168923.5,retailer,sale
TXN-6B41DAA34165,2026-04-01T10:09:31,307.59,CREDIT,online_sales,Shopify order,165297.73,retailer,sale
TXN-CA3AD4E3497C,2026-04-01T10:43:50,615.5,CREDIT,online_sales,Online cart,166881.24,retailer,sale
TXN-E01D7C0D4F04,2026-04-01T11:13:00,540.3,DEBIT,maintenance,AC servicing,169744.84,retailer,expense
TXN-ECE9A66A30D7,2026-04-01T11:44:54,258.88,CREDIT,returns_received,Return from vendor,162801.71,retailer,sale
TXN-D09EBBF8D76A,2026-04-01T11:50:00,548.33,CREDIT,online_sales,Website checkout,164795.8,retailer,sale
TXN-5EAEBD364540,2026-04-01T12:06:00,749.26,DEBIT,marketing,Influencer payment,168289.68,retailer,expense
TXN-FD4B4BEDBE5A,2026-04-01T12:34:28,202.25,CREDIT,online_sales,Shopify order,165499.98,retailer,sale
TXN-2AF2D05ED471,2026-04-01T13:06:22,577.6,CREDIT,product_sales,In-store sales,162089.02,retailer,sale
TXN-6DC3051BB56B,2026-04-01T13:36:06,550.8,CREDIT,product_sales,Counter sale,167546.84,retailer,sale
TXN-7F32A9EAAE3E,2026-04-01T14:09:27,765.76,CREDIT,bulk_order,Wholesale order,166265.74,retailer,sale
TXN-FA4B789F613D,2026-04-01T14:14:35,464.36,CREDIT,product_sales,In-store sales,170285.14,retailer,sale
TXN-387203FAB0EF,2026-04-01T14:16:14,484.76,CREDIT,returns_received,Return from vendor,163286.47,retailer,sale
TXN-2E6EB4E7531D,2026-04-01T14:51:18,870.0,CREDIT,bulk_order,Corporate purchase,168416.84,retailer,sale
TXN-1CC34C16062B,2026-04-01T15:47:49,106.9,CREDIT,online_sales,Shopify order,169030.4,retailer,sale
TXN-2F947FDBC6EE,2026-04-01T16:47:58,523.33,CREDIT,bulk_order,Bulk purchase - B2B,161511.42,retailer,sale
TXN-D484BCEF9018,2026-04-01T17:04:55,377.53,CREDIT,returns_received,Return from vendor,163674.0,retailer,sale
TXN-C69BEB8F7103,2026-04-01T17:17:00,599.06,CREDIT,bulk_order,Corporate purchase,169820.78,retailer,sale
TXN-4A81AA07DE03,2026-04-01T17:26:24,277.04,CREDIT,bulk_order,Bulk purchase - B2B,164247.47,retailer,sale
TXN-BB6117C40168,2026-04-01T17:43:41,296.43,CREDIT,bulk_order,Corporate purchase,163970.43,retailer,sale
TXN-83D03340B37C,2026-04-01T17:49:00,705.9,DEBIT,logistics,Shipping cost,169038.94,retailer,expense
TXN-89F9CDAF88D0,2026-04-01T18:29:00,1096.03,DEBIT,marketing,Google Ads,167193.65,retailer,expense
TXN-838CF9E8DEB8,2026-04-01T19:12:16,194.34,CREDIT,returns_received,Return from vendor,164990.14,retailer,sale
TXN-97653D4424DA,2026-04-01T20:23:56,114.8,CREDIT,returns_received,Return from vendor,166996.04,retailer,sale
TXN-A23A77651EDD,2026-04-01T20:36:19,10.0,CREDIT,online_sales,Online cart,163296.47,retailer,sale
TXN-3606B38565FD,2026-04-05T10:56:00,1805.86,DEBIT,pos_fees,Pos Fees - Apr 2026,167485.09,retailer,"recurring,fixed_cost"
TXN-3FC967352F13,2026-04-10T01:00:00,1499.0,DEBIT,subscriptions,QuickBooks subscription,162987.09,retailer,"subscription,recurring"
TXN-332869255BB8,2026-04-15T11:36:00,3540.42,DEBIT,insurance,Insurance - Apr 2026,169290.95,retailer,"recurring,fixed_cost"
TXN-53788A776EFC,2026-04-20T02:02:00,799.0,DEBIT,subscriptions,Slack subscription,162188.09,retailer,"subscription,recurring"
TXN-EF81C5EEA5A9,2026-04-25T06:51:00,1200.0,DEBIT,subscriptions,Google Workspace subscription,160988.09,retailer,"subscription,recurring"
TXN-77EE4D7FB6AB,2026-04-28T10:31:00,117687.09,DEBIT,salaries,Salaries - Apr 2026,172831.37,retailer,"recurring,fixed_cost"
TXN-C205D35CEAC0,2026-04-02T08:07:00,553.05,DEBIT,maintenance,Equipment maintenance,181192.5,retailer,expense
TXN-A02DCA155D11,2026-04-02T08:25:08,270.66,CREDIT,returns_received,Return from vendor,169309.46,retailer,sale
TXN-824A9826FDED,2026-04-02T08:32:43,187.22,CREDIT,returns_received,Return from vendor,179777.7,retailer,sale
TXN-42867B4955D5,2026-04-02T09:17:30,537.83,CREDIT,product_sales,Counter sale,181058.83,retailer,sale
TXN-161CD25240D1,2026-04-02T09:22:45,423.78,CREDIT,product_sales,POS transaction,175276.54,retailer,sale
TXN-F2251F20C294,2026-04-02T11:08:48,456.77,CREDIT,returns_received,Supplier credit note,169038.8,retailer,sale
TXN-5F1DEC16C072,2026-04-02T11:44:45,761.48,CREDIT,product_sales,Walk-in customer,170467.41,retailer,sale
TXN-8B25C0A57455,2026-04-02T12:09:28,771.75,CREDIT,online_sales,Amazon marketplace,179590.48,retailer,sale
TXN-B46ECF9B1942,2026-04-02T12:30:32,504.05,CREDIT,bulk_order,Wholesale order,168582.03,retailer,sale
TXN-3A039B4D8CED,2026-04-02T13:01:47,412.54,CREDIT,product_sales,Counter sale,176869.42,retailer,sale
TXN-4C80653824E2,2026-04-02T13:38:00,446.77,DEBIT,marketing,Facebook Ads,180745.73,retailer,expense
TXN-08428CF919C8,2026-04-02T14:12:55,404.38,CREDIT,online_sales,Amazon marketplace,181745.55,retailer,sale
TXN-C562EBF6859D,2026-04-02T14:31:58,640.83,CREDIT,online_sales,Website checkout,173639.13,retailer,sale
TXN-FBB15A8D5878,2026-04-02T14:40:54,823.6,CREDIT,product_sales,Counter sale,174852.76,retailer,sale
TXN-35F3E1CA1735,2026-04-02T14:44:13,708.02,CREDIT,online_sales,Amazon marketplace,180521.0,retailer,sale
TXN-F37347C64444,2026-04-02T14:52:46,422.34,CREDIT,online_sales,Online cart,177291.76,retailer,sale
TXN-2E6BA7757AAA,2026-04-02T14:59:55,165.4,CREDIT,returns_received,Return from vendor,175582.21,retailer,sale
TXN-7E3A30394A64,2026-04-02T15:04:21,396.47,CREDIT,online_sales,Website checkout,169705.93,retailer,sale
TXN-04C03A7D1B3D,2026-04-02T15:20:37,304.54,CREDIT,online_sales,Website checkout,171533.64,retailer,sale
TXN-6C1C5997E291,2026-04-02T15:37:10,282.34,CREDIT,returns_received,Return from vendor,181341.17,retailer,sale
TXN-16469679A566,2026-04-02T15:38:00,956.14,DEBIT,logistics,Courier charges,179789.59,retailer,expense
TXN-7A2684E3F855,2026-04-02T16:18:34,534.59,CREDIT,online_sales,Website checkout,176456.88,retailer,sale
TXN-CAEBC99B1ED7,2026-04-02T16:23:36,715.66,CREDIT,product_sales,Counter sale,178007.42,retailer,sale
TXN-523D0C74D90B,2026-04-02T16:40:02,379.88,CREDIT,returns_received,Supplier credit note,167877.05,retailer,sale
TXN-17DA1205C503,2026-04-02T16:48:00,209.11,DEBIT,marketing,Influencer payment,179580.48,retailer,expense
TXN-6B34ACDBA8F9,2026-04-02T17:02:09,200.93,CREDIT,online_sales,Amazon marketplace,168077.98,retailer,sale
TXN-EB8EB6705960,2026-04-02T17:23:23,194.48,CREDIT,bulk_order,Bulk purchase - B2B,178201.9,retailer,sale
TXN-D1913667A62D,2026-04-02T17:37:43,397.19,CREDIT,online_sales,Shopify order,178599.09,retailer,sale
TXN-549A22F889C5,2026-04-02T17:55:41,219.64,CREDIT,product_sales,Walk-in customer,178818.73,retailer,sale
TXN-793F9F55AE50,2026-04-02T18:31:12,370.03,CREDIT,bulk_order,Corporate purchase,174019.16,retailer,sale
TXN-21EBC8D89999,2026-04-02T18:38:29,848.54,CREDIT,bulk_order,Bulk purchase - B2B,172998.3,retailer,sale
TXN-57F49112D1E7,2026-04-02T18:44:59,10.0,CREDIT,bulk_order,Bulk purchase - B2B,174029.16,retailer,sale
TXN-8C9BAE88AABF,2026-04-02T18:55:41,616.12,CREDIT,online_sales,Online cart,172149.76,retailer,sale
TXN-D45B2F265710,2026-04-02T19:11:18,761.69,CREDIT,online_sales,Online cart,171229.1,retailer,sale
TXN-D09C8A5FBEB2,2026-04-02T19:46:44,10.0,CREDIT,online_sales,Online cart,173649.13,retailer,sale
TXN-E87E2C2CA8B6,2026-04-02T20:23:27,140.27,CREDIT,online_sales,Online cart,175416.81,retailer,sale
TXN-4449C8CFA924,2026-04-02T20:33:51,35.28,CREDIT,online_sales,Online cart,179812.98,retailer,sale
TXN-F56322432026,2026-04-02T20:46:56,303.52,CREDIT,bulk_order,Corporate purchase,167497.17,retailer,sale
TXN-DA5E51E330F8,2026-04-02T20:53:33,340.08,CREDIT,product_sales,In-store sales,175922.29,retailer,sale
TXN-87830D544D2B,2026-04-03T09:17:52,70.46,CREDIT,returns_received,Return from vendor,180412.64,retailer,"sale,peak_day"
TXN-19C48A45B19D,2026-04-03T14:18:48,748.05,CREDIT,bulk_order,Corporate purchase,180342.18,retailer,"sale,peak_day"
TXN-FF8F23F05558,2026-04-03T15:17:00,1020.76,DEBIT,marketing,Google Ads,179244.27,retailer,expense
TXN-98703113C642,2026-04-03T15:50:00,645.15,DEBIT,logistics,Last-mile delivery,180265.03,retailer,expense
TXN-FAC09E7FBCC8,2026-04-03T16:14:02,13.65,CREDIT,product_sales,In-store sales,179594.13,retailer,"sale,peak_day"
TXN-24E0D70F77A8,2026-04-03T19:28:53,497.54,CREDIT,online_sales,Amazon marketplace,180910.18,retailer,"sale,peak_day"
TXN-5A32CEB83535,2026-04-04T08:26:01,500.19,CREDIT,product_sales,In-store sales,191462.3,retailer,"sale,peak_day"
TXN-0231BE4B5547,2026-04-04T08:40:02,644.72,CREDIT,bulk_order,Corporate purchase,192998.21,retailer,"sale,peak_day"
TXN-655FBA8DE822,2026-04-04T09:09:42,585.63,CREDIT,online_sales,Website checkout,189888.41,retailer,"sale,peak_day"
TXN-19DFF471AEB3,2026-04-04T09:39:46,41.66,CREDIT,online_sales,Amazon marketplace,194936.03,retailer,"sale,peak_day"
TXN-D1F1E507E948,2026-04-04T09:53:44,262.86,CREDIT,returns_received,Return from vendor,192353.49,retailer,"sale,peak_day"
TXN-70C6B14B223F,2026-04-04T09:58:23,694.33,CREDIT,bulk_order,Corporate purchase,185060.78,retailer,"sale,peak_day"
TXN-795CB66B0315,2026-04-04T10:56:39,300.86,CREDIT,returns_received,Return from vendor,187746.69,retailer,"sale,peak_day"
TXN-7A5D4415BF15,2026-04-04T11:01:37,253.78,CREDIT,bulk_order,Wholesale order,185314.56,retailer,"sale,peak_day"
TXN-D7BA4EC4D048,2026-04-04T11:10:05,669.2,CREDIT,returns_received,Supplier credit note,184366.45,retailer,"sale,peak_day"
TXN-5AFC274E034E,2026-04-04T11:17:00,600.78,CREDIT,online_sales,Online cart,179950.97,retailer,"sale,peak_day"
TXN-823FB4BA1238,2026-04-04T11:33:33,187.41,CREDIT,online_sales,Online cart,183082.66,retailer,"sale,peak_day"
TXN-43E82D235C0F,2026-04-04T11:36:34,298.3,CREDIT,bulk_order,Corporate purchase,183380.96,retailer,"sale,peak_day"
TXN-FCF1A43CC2DC,2026-04-04T11:41:42,170.58,CREDIT,bulk_order,Bulk purchase - B2B,190058.99,retailer,"sale,peak_day"
TXN-4641D2ABAF51,2026-04-04T12:08:33,447.33,CREDIT,returns_received,Return from vendor,194248.86,retailer,"sale,peak_day"
TXN-C962606967C5,2026-04-04T12:45:00,941.15,DEBIT,inventory_purchase,Stock order #TXN-A4D1,197697.72,retailer,"expense,inventory_order"
TXN-D20C77D69FCD,2026-04-04T12:55:59,453.67,CREDIT,online_sales,Shopify order,186633.52,retailer,"sale,peak_day"
TXN-A9A02AFAF363,2026-04-04T13:08:25,243.24,CREDIT,product_sales,POS transaction,180194.21,retailer,"sale,peak_day"
TXN-5E1B76FC5F86,2026-04-04T13:33:06,491.14,CREDIT,product_sales,POS transaction,198023.02,retailer,"sale,peak_day"
TXN-8E11A33A0A82,2026-04-04T13:47:00,311.51,DEBIT,utilities,Electricity bill,197386.21,retailer,expense
TXN-162500BE405F,2026-04-04T13:51:06,664.72,CREDIT,online_sales,Website checkout,185979.28,retailer,"sale,peak_day"
TXN-89F3A1C7622F,2026-04-04T13:51:43,777.88,CREDIT,bulk_order,Corporate purchase,189302.78,retailer,"sale,peak_day"
TXN-A619437E9E16,2026-04-04T14:07:04,712.43,CREDIT,online_sales,Website checkout,195648.46,retailer,"sale,peak_day"
TXN-536214C056B6,2026-04-04T14:08:43,458.39,CREDIT,bulk_order,Wholesale order,188524.9,retailer,"sale,peak_day"
TXN-45851FD1FBFB,2026-04-04T14:23:36,385.67,CREDIT,product_sales,POS transaction,190962.11,retailer,"sale,peak_day"
TXN-440A370DE928,2026-04-04T14:56:34,619.23,CREDIT,product_sales,Walk-in customer,181327.32,retailer,"sale,peak_day"
TXN-D32B6B881D32,2026-04-04T15:08:00,205.77,CREDIT,bulk_order,Bulk purchase - B2B,198638.87,retailer,"sale,peak_day"
TXN-0FE1B200838A,2026-04-04T15:14:45,410.08,CREDIT,online_sales,Shopify order,198433.1,retailer,"sale,peak_day"
TXN-8CAB8EA92A9C,2026-04-04T15:27:45,591.13,CREDIT,online_sales,Amazon marketplace,197011.66,retailer,"sale,peak_day"
TXN-87D3C3C36CDA,2026-04-04T15:59:08,517.45,CREDIT,bulk_order,Wholesale order,190576.44,retailer,"sale,peak_day"
TXN-984E0E32D6EB,2026-04-04T16:12:23,21.4,CREDIT,product_sales,In-store sales,186909.04,retailer,"sale,peak_day"
TXN-7F5B2078DC5C,2026-04-04T16:15:04,520.22,CREDIT,product_sales,Counter sale,197531.88,retailer,"sale,peak_day"
TXN-C8F716A1050A,2026-04-04T16:17:02,200.57,CREDIT,bulk_order,Bulk purchase - B2B,186179.85,retailer,"sale,peak_day"
TXN-FF7953CE1B98,2026-04-04T16:23:02,316.29,CREDIT,returns_received,Supplier credit note,183697.25,retailer,"sale,peak_day"
TXN-F6A8D52E2875,2026-04-04T16:53:07,645.51,CREDIT,product_sales,Counter sale,194894.37,retailer,"sale,peak_day"
TXN-6BF831CDF127,2026-04-04T17:05:49,307.31,CREDIT,returns_received,Return from vendor,182895.25,retailer,"sale,peak_day"
TXN-0F895B80120F,2026-04-04T18:06:42,319.82,CREDIT,product_sales,Counter sale,188066.51,retailer,"sale,peak_day"
TXN-2A44801980ED,2026-04-04T18:30:26,529.2,CREDIT,product_sales,Walk-in customer,182587.94,retailer,"sale,peak_day"
TXN-8E90B3CB80B2,2026-04-04T18:53:35,772.07,CREDIT,returns_received,Supplier credit note,196420.53,retailer,"sale,peak_day"
TXN-9EAE2165130E,2026-04-04T18:54:03,185.13,CREDIT,online_sales,Online cart,191647.43,retailer,"sale,peak_day"
TXN-9F18E172CEEE,2026-04-04T18:59:56,443.2,CREDIT,online_sales,Online cart,192090.63,retailer,"sale,peak_day"
TXN-D76868EFF0EB,2026-04-04T19:04:14,513.88,CREDIT,returns_received,Supplier credit note,180708.09,retailer,"sale,peak_day"
TXN-1535D713A394,2026-04-04T19:27:58,496.77,CREDIT,returns_received,Return from vendor,193494.98,retailer,"sale,peak_day"
TXN-3BD24656EAA1,2026-04-04T19:29:56,306.55,CREDIT,product_sales,In-store sales,193801.53,retailer,"sale,peak_day"
TXN-8DFE3B96825C,2026-04-04T19:55:32,254.12,CREDIT,returns_received,Return from vendor,186887.64,retailer,"sale,peak_day"
TXN-D85E4EE12305,2026-04-04T20:03:43,105.92,CREDIT,product_sales,Walk-in customer,179350.19,retailer,"sale,peak_day"
TXN-F408FB26C4E3,2026-04-04T20:14:10,731.42,CREDIT,online_sales,Shopify order,182058.74,retailer,"sale,peak_day"
TXN-A64593D2D6AD,2026-04-04T20:24:57,536.79,CREDIT,product_sales,POS transaction,187445.83,retailer,"sale,peak_day"
TXN-EE2F0E7A0D3A,2026-04-05T08:10:38,237.85,CREDIT,returns_received,Supplier credit note,208790.89,retailer,"sale,peak_day"
TXN-9749B277FF34,2026-04-05T08:17:46,148.85,CREDIT,returns_received,Supplier credit note,197535.06,retailer,"sale,peak_day"
TXN-DBE4B31A9FA1,2026-04-05T08:49:03,580.95,CREDIT,online_sales,Online cart,198695.88,retailer,"sale,peak_day"
TXN-86601CD185AD,2026-04-05T08:49:48,560.65,CREDIT,returns_received,Return from vendor,207974.0,retailer,"sale,peak_day"
TXN-C353F288E68D,2026-04-05T08:51:51,486.36,CREDIT,online_sales,Website checkout,199182.24,retailer,"sale,peak_day"
TXN-897AD52AAB1A,2026-04-05T09:01:00,366.18,DEBIT,logistics,Courier charges,209119.54,retailer,expense
TXN-E955DAEA22D4,2026-04-05T09:05:55,767.28,CREDIT,bulk_order,Bulk purchase - B2B,200522.58,retailer,"sale,peak_day"
TXN-F60E7CB6E931,2026-04-05T09:18:20,420.13,CREDIT,online_sales,Amazon marketplace,207413.35,retailer,"sale,peak_day"
TXN-FD5901495F26,2026-04-05T09:27:06,467.78,CREDIT,bulk_order,Bulk purchase - B2B,203258.93,retailer,"sale,peak_day"
TXN-A30627E40933,2026-04-05T09:44:25,150.45,CREDIT,bulk_order,Wholesale order,203409.38,retailer,"sale,peak_day"
TXN-BB365CA4786D,2026-04-05T09:58:07,639.6,CREDIT,product_sales,Counter sale,202791.15,retailer,"sale,peak_day"
TXN-26A0CCB7D9D8,2026-04-05T10:35:00,714.18,DEBIT,logistics,Last-mile delivery,208405.36,retailer,expense
TXN-E74BE237621B,2026-04-05T11:21:46,452.84,CREDIT,returns_received,Supplier credit note,201384.22,retailer,"sale,peak_day"
TXN-BF25C49A3BE8,2026-04-05T12:09:28,441.83,CREDIT,bulk_order,Bulk purchase - B2B,202151.55,retailer,"sale,peak_day"
TXN-CDAB9C827B8F,2026-04-05T12:10:03,186.95,CREDIT,online_sales,Website checkout,203979.6,retailer,"sale,peak_day"
TXN-499E40E81FCA,2026-04-05T12:13:46,579.04,CREDIT,returns_received,Supplier credit note,208553.04,retailer,"sale,peak_day"
TXN-0DB7E65C35FD,2026-04-05T12:51:40,388.92,CREDIT,bulk_order,Corporate purchase,204368.52,retailer,"sale,peak_day"
TXN-49FB740BE124,2026-04-05T12:56:07,709.53,CREDIT,returns_received,Supplier credit note,205078.05,retailer,"sale,peak_day"
TXN-DC225202B420,2026-04-05T12:57:22,313.38,CREDIT,returns_received,Return from vendor,203792.65,retailer,"sale,peak_day"
TXN-A50249D37384,2026-04-05T13:01:30,981.48,CREDIT,product_sales,Counter sale,206059.53,retailer,"sale,peak_day"
TXN-70B4DCFBF391,2026-04-05T13:04:47,182.05,CREDIT,bulk_order,Wholesale order,209112.81,retailer,"sale,peak_day"
TXN-1C2C39EF290F,2026-04-05T13:32:50,426.74,CREDIT,bulk_order,Wholesale order,210469.17,retailer,"sale,peak_day"
TXN-6EE3273727D3,2026-04-05T13:49:51,437.5,CREDIT,bulk_order,Corporate purchase,209550.31,retailer,"sale,peak_day"
TXN-BEFCE92093AE,2026-04-05T14:27:59,69.89,CREDIT,bulk_order,Corporate purchase,203479.27,retailer,"sale,peak_day"
TXN-6592E6D8C3E0,2026-04-05T14:38:43,579.87,CREDIT,returns_received,Supplier credit note,198114.93,retailer,"sale,peak_day"
TXN-4165B84C4E9F,2026-04-05T15:15:36,408.8,CREDIT,returns_received,Return from vendor,200931.38,retailer,"sale,peak_day"
TXN-965E6E266A5B,2026-04-05T15:33:09,70.59,CREDIT,returns_received,Return from vendor,199755.3,retailer,"sale,peak_day"
TXN-0FB1FE1A6D4D,2026-04-05T15:55:08,379.0,CREDIT,returns_received,Return from vendor,210848.17,retailer,"sale,peak_day"
TXN-4CBC414D54DC,2026-04-05T16:24:11,325.5,CREDIT,product_sales,In-store sales,201709.72,retailer,"sale,peak_day"
TXN-99F2A4A1E672,2026-04-05T17:00:07,492.12,CREDIT,returns_received,Supplier credit note,210042.43,retailer,"sale,peak_day"
TXN-D5EFBED49939,2026-04-05T17:28:00,1362.45,DEBIT,logistics,Last-mile delivery,209485.72,retailer,expense
TXN-0482F64FD5A0,2026-04-05T18:35:30,139.87,CREDIT,online_sales,Online cart,208930.76,retailer,"sale,peak_day"
TXN-9688DFBF5E2F,2026-04-05T18:39:55,798.24,CREDIT,online_sales,Shopify order,206857.77,retailer,"sale,peak_day"
TXN-227988ECCBB5,2026-04-05T18:45:49,502.47,CREDIT,bulk_order,Wholesale order,199684.71,retailer,"sale,peak_day"
TXN-C3DB81660F8B,2026-04-05T19:40:04,135.45,CREDIT,returns_received,Return from vendor,206993.22,retailer,"sale,peak_day"
TXN-4E3E95D38817,2026-04-06T08:20:44,316.69,CREDIT,product_sales,Counter sale,211138.62,retailer,sale
TXN-6BC178201121,2026-04-06T08:53:29,425.41,CREDIT,returns_received,Return from vendor,208830.77,retailer,sale
TXN-19AD7C5FC1AD,2026-04-06T09:58:00,692.86,DEBIT,inventory_purchase,Stock order #TXN-5C61,209914.54,retailer,"expense,inventory_order"
TXN-17D5921F6BA9,2026-04-06T13:18:19,366.78,CREDIT,product_sales,POS transaction,210539.32,retailer,sale
TXN-3F46FBB0319D,2026-04-06T14:00:00,857.19,DEBIT,logistics,Courier charges,209057.35,retailer,expense
TXN-B3588290B139,2026-04-06T15:28:11,718.79,CREDIT,returns_received,Supplier credit note,211857.41,retailer,sale
TXN-5B9CAE8051E1,2026-04-06T17:31:00,668.47,DEBIT,maintenance,AC servicing,211188.94,retailer,expense
TXN-78A424EB114D,2026-04-06T18:44:00,581.54,DEBIT,maintenance,Equipment maintenance,210607.4,retailer,expense
TXN-1B02F3CB13A9,2026-04-06T19:44:05,542.52,CREDIT,online_sales,Website checkout,209373.29,retailer,sale
TXN-333C39A158A6,2026-04-06T20:28:14,799.25,CREDIT,bulk_order,Wholesale order,210172.54,retailer,sale
TXN-CCAEDC16F72D,2026-04-06T20:31:21,282.61,CREDIT,bulk_order,Wholesale order,210821.93,retailer,sale
TXN-2411E6F523E7,2026-04-07T08:15:00,997.57,DEBIT,marketing,Influencer payment,211038.89,retailer,expense
TXN-977CD08BD18B,2026-04-07T08:48:43,474.72,CREDIT,bulk_order,Bulk purchase - B2B,210990.35,retailer,sale
TXN-5BEB827A3AE9,2026-04-07T08:58:19,500.38,CREDIT,returns_received,Supplier credit note,209557.73,retailer,sale
TXN-482B3E315726,2026-04-07T09:04:03,278.74,CREDIT,bulk_order,Bulk purchase - B2B,212322.59,retailer,sale
TXN-6324FF7CEF5E,2026-04-07T09:09:00,727.94,DEBIT,utilities,Gas bill,212036.46,retailer,expense
TXN-D839DC7AEE71,2026-04-07T13:49:51,626.2,CREDIT,bulk_order,Corporate purchase,214166.69,retailer,sale
TXN-AFC9FCD74C69,2026-04-07T14:50:18,273.26,CREDIT,product_sales,POS transaction,209915.95,retailer,sale
TXN-5C22ADA519B2,2026-04-07T15:45:34,483.07,CREDIT,product_sales,In-store sales,211473.42,retailer,sale
TXN-EEECC4D383C7,2026-04-07T15:49:06,570.43,CREDIT,bulk_order,Corporate purchase,212043.85,retailer,sale
TXN-BFB506A2DB62,2026-04-07T16:28:11,601.76,CREDIT,bulk_order,Wholesale order,213540.49,retailer,sale
TXN-43BE9A83C15B,2026-04-07T16:30:23,127.38,CREDIT,returns_received,Supplier credit note,210043.33,retailer,sale
TXN-5E1EEFB0F114,2026-04-07T17:10:00,1402.29,DEBIT,logistics,Courier charges,212764.4,retailer,expense
TXN-73074A06782C,2026-04-07T18:25:45,84.96,CREDIT,returns_received,Supplier credit note,209642.69,retailer,sale
TXN-A4C45B5A53CD,2026-04-07T19:35:58,616.14,CREDIT,online_sales,Amazon marketplace,212938.73,retailer,sale
TXN-5C9C954AEAD5,2026-04-07T20:13:32,472.3,CREDIT,online_sales,Amazon marketplace,210515.63,retailer,sale
TXN-F7AB2F59C852,2026-04-08T08:28:01,182.79,CREDIT,online_sales,Online cart,212910.84,retailer,sale
TXN-756C73169429,2026-04-08T08:28:45,275.91,CREDIT,bulk_order,Bulk purchase - B2B,211314.8,retailer,sale
TXN-6B90D5F2233C,2026-04-08T08:57:04,14.28,CREDIT,product_sales,POS transaction,212925.12,retailer,sale
TXN-5111232992A6,2026-04-08T09:06:33,282.3,CREDIT,bulk_order,Corporate purchase,219930.59,retailer,sale
TXN-CCA42C2008DB,2026-04-08T09:31:53,522.11,CREDIT,bulk_order,Wholesale order,214600.57,retailer,sale
TXN-C2A8D3CF7287,2026-04-08T09:33:15,538.74,CREDIT,bulk_order,Corporate purchase,213618.89,retailer,sale
TXN-5F325A8115A5,2026-04-08T09:46:33,454.9,CREDIT,online_sales,Website checkout,211769.7,retailer,sale
TXN-3436C96D4870,2026-04-08T10:14:10,399.56,CREDIT,product_sales,Walk-in customer,215000.13,retailer,sale
TXN-2AF84EFE9217,2026-04-08T10:16:21,388.04,CREDIT,online_sales,Amazon marketplace,215880.8,retailer,sale
TXN-F316242D0CDF,2026-04-08T10:35:00,494.64,DEBIT,logistics,Last-mile delivery,219435.95,retailer,expense
TXN-10F7729D95E0,2026-04-08T11:22:32,744.46,CREDIT,bulk_order,Wholesale order,218259.7,retailer,sale
TXN-C66F0572F621,2026-04-08T11:22:34,766.17,CREDIT,product_sales,Walk-in customer,219648.29,retailer,sale
TXN-2B5D256B0BA7,2026-04-08T13:30:51,310.78,CREDIT,bulk_order,Wholesale order,218570.48,retailer,sale
TXN-7EA97551DFF9,2026-04-08T13:37:54,305.13,CREDIT,online_sales,Website checkout,216819.81,retailer,sale
TXN-B7E4B87D6520,2026-04-08T13:49:22,317.26,CREDIT,bulk_order,Corporate purchase,212086.96,retailer,sale
TXN-055EF4F37666,2026-04-08T13:55:50,473.85,CREDIT,product_sales,POS transaction,217515.24,retailer,sale
TXN-E3DA56EBFC5E,2026-04-08T14:41:53,221.58,CREDIT,product_sales,POS transaction,217041.39,retailer,sale
TXN-C84A70469DDF,2026-04-08T15:12:36,155.03,CREDIT,returns_received,Return from vendor,213080.15,retailer,sale
TXN-2C48B1DC6F93,2026-04-08T15:23:06,311.64,CREDIT,bulk_order,Bulk purchase - B2B,218882.12,retailer,sale
TXN-7B2911F74D16,2026-04-08T15:43:12,459.57,CREDIT,online_sales,Shopify order,214078.46,retailer,sale
TXN-36581C4BCD50,2026-04-08T16:35:08,191.53,CREDIT,returns_received,Supplier credit note,212278.49,retailer,sale
TXN-142F35315503,2026-04-08T17:12:29,633.88,CREDIT,returns_received,Supplier credit note,216514.68,retailer,sale
TXN-EDBD55E9BBC4,2026-04-08T17:24:05,449.56,CREDIT,bulk_order,Wholesale order,212728.05,retailer,sale
TXN-0E237858939F,2026-04-08T18:07:00,379.68,DEBIT,logistics,Shipping cost,219056.27,retailer,expense
TXN-941464B6C36E,2026-04-08T20:04:37,492.63,CREDIT,bulk_order,Corporate purchase,215492.76,retailer,sale
TXN-155CAB54DD9C,2026-04-09T08:59:17,94.19,CREDIT,bulk_order,Corporate purchase,222919.34,retailer,sale
TXN-19EAF4C0B6BD,2026-04-09T09:06:01,449.62,CREDIT,returns_received,Return from vendor,222017.95,retailer,sale
TXN-B81E33E7E698,2026-04-09T09:12:05,646.07,CREDIT,bulk_order,Bulk purchase - B2B,221568.33,retailer,sale
TXN-1E2A97F47105,2026-04-09T09:34:39,735.53,CREDIT,bulk_order,Bulk purchase - B2B,224542.95,retailer,sale
TXN-3C6B0686CBFB,2026-04-09T09:40:00,69.75,DEBIT,marketing,Google Ads,229146.42,retailer,expense
TXN-7E2BB9587DDA,2026-04-09T10:00:02,353.56,CREDIT,bulk_order,Corporate purchase,220608.78,retailer,sale
TXN-6BB106067B6D,2026-04-09T10:06:45,539.06,CREDIT,returns_received,Supplier credit note,226056.89,retailer,sale
TXN-267952B33D53,2026-04-09T10:07:04,442.02,CREDIT,online_sales,Shopify order,224984.97,retailer,sale
TXN-32CE997F7515,2026-04-09T10:38:29,322.16,CREDIT,bulk_order,Bulk purchase - B2B,228086.08,retailer,sale
TXN-2297BF76BF3A,2026-04-09T12:01:56,345.65,CREDIT,bulk_order,Wholesale order,228704.11,retailer,sale
TXN-B760C1EB6C98,2026-04-09T12:02:58,272.38,CREDIT,online_sales,Online cart,228358.46,retailer,sale
TXN-9404FBA501AC,2026-04-09T12:30:48,512.06,CREDIT,bulk_order,Corporate purchase,229216.17,retailer,sale
TXN-AB4D6542DDE0,2026-04-09T12:31:14,294.6,CREDIT,product_sales,Counter sale,219350.87,retailer,sale
TXN-F9B3711947BF,2026-04-09T14:00:43,757.59,CREDIT,online_sales,Shopify order,227187.35,retailer,sale
TXN-1D8A12E3EC30,2026-04-09T15:00:18,462.32,CREDIT,returns_received,Return from vendor,219813.19,retailer,sale
TXN-71D5C9FAE94C,2026-04-09T15:22:06,576.57,CREDIT,online_sales,Online cart,227763.92,retailer,sale
TXN-BA2B17302B5E,2026-04-09T16:02:35,460.28,CREDIT,returns_received,Supplier credit note,222825.15,retailer,sale
TXN-02B3BADE1885,2026-04-09T16:28:23,372.87,CREDIT,returns_received,Supplier credit note,226429.76,retailer,sale
TXN-5D6B3611F665,2026-04-09T16:40:10,327.13,CREDIT,bulk_order,Bulk purchase - B2B,225517.83,retailer,sale
TXN-760DF78C7BF8,2026-04-09T17:32:49,205.73,CREDIT,bulk_order,Wholesale order,225190.7,retailer,sale
TXN-5B39947F4576,2026-04-09T18:53:41,491.47,CREDIT,bulk_order,Bulk purchase - B2B,223807.42,retailer,sale
TXN-8ACED715C5A2,2026-04-09T18:56:37,396.61,CREDIT,online_sales,Online cart,223315.95,retailer,sale
TXN-553A0C7B68A0,2026-04-09T19:06:58,442.03,CREDIT,returns_received,Return from vendor,220255.22,retailer,sale
TXN-6AC491DBDB11,2026-04-09T19:26:34,313.48,CREDIT,online_sales,Website checkout,220922.26,retailer,sale
TXN-126C841A773F,2026-04-09T20:11:00,346.92,CREDIT,product_sales,POS transaction,222364.87,retailer,sale
TXN-15FAFF8D89D3,2026-04-10T01:15:00,299.0,DEBIT,subscriptions,Dropbox storage upgrade (auto-charge),242667.27,retailer,"hidden_cost,subscription"
TXN-C109C2C15DFB,2026-04-10T08:00:06,660.11,CREDIT,bulk_order,Bulk purchase - B2B,243257.19,retailer,"sale,peak_day"
TXN-7E25704EC72A,2026-04-10T08:00:58,568.99,CREDIT,bulk_order,Bulk purchase - B2B,240578.86,retailer,"sale,peak_day"
TXN-392BEF566671,2026-04-10T08:26:04,270.29,CREDIT,bulk_order,Bulk purchase - B2B,244684.03,retailer,"sale,peak_day"
TXN-63B88CAFA559,2026-04-10T09:02:04,795.77,CREDIT,product_sales,Counter sale,231575.12,retailer,"sale,peak_day"
TXN-65CC47D8FCDF,2026-04-10T09:03:47,63.88,CREDIT,online_sales,Online cart,231639.0,retailer,"sale,peak_day"
TXN-624B6B450463,2026-04-10T09:16:36,630.23,CREDIT,returns_received,Supplier credit note,245314.26,retailer,"sale,peak_day"
TXN-04D9D4AA03ED,2026-04-10T09:32:32,109.32,CREDIT,product_sales,In-store sales,233462.29,retailer,"sale,peak_day"
TXN-A52D945DCD2C,2026-04-10T09:36:34,468.76,CREDIT,online_sales,Online cart,237878.51,retailer,"sale,peak_day"
TXN-EC7A79660C47,2026-04-10T09:40:00,475.04,DEBIT,logistics,Shipping cost,244049.44,retailer,expense
TXN-FEDF1B264008,2026-04-10T09:57:50,709.04,CREDIT,bulk_order,Wholesale order,239985.33,retailer,"sale,peak_day"
TXN-B8B2C18348CC,2026-04-10T10:01:26,635.13,CREDIT,bulk_order,Wholesale order,238653.38,retailer,"sale,peak_day"
TXN-37012D3BB5D2,2026-04-10T10:01:31,724.32,CREDIT,bulk_order,Corporate purchase,237409.75,retailer,"sale,peak_day"
TXN-32AFF1DEE145,2026-04-10T10:02:45,237.65,CREDIT,product_sales,Walk-in customer,241768.13,retailer,"sale,peak_day"
TXN-04E62C62A73A,2026-04-10T10:05:20,372.49,CREDIT,product_sales,Walk-in customer,242597.08,retailer,"sale,peak_day"
TXN-9D688DD56224,2026-04-10T10:31:26,34.01,CREDIT,online_sales,Amazon marketplace,230100.9,retailer,"sale,peak_day"
TXN-84896A182404,2026-04-10T10:33:46,633.25,CREDIT,online_sales,Amazon marketplace,243956.59,retailer,"sale,peak_day"
TXN-36E0DC061846,2026-04-10T10:47:49,226.03,CREDIT,returns_received,Supplier credit note,242224.59,retailer,"sale,peak_day"
TXN-3A0BBC1CE285,2026-04-10T10:48:25,24.54,CREDIT,bulk_order,Corporate purchase,240009.87,retailer,"sale,peak_day"
TXN-AC35E1B5D3D6,2026-04-10T11:00:24,230.43,CREDIT,online_sales,Website checkout,241998.56,retailer,"sale,peak_day"
TXN-D40EC7EBA82A,2026-04-10T11:03:03,372.21,CREDIT,bulk_order,Bulk purchase - B2B,229528.63,retailer,"sale,peak_day"
TXN-332CF71B8A8F,2026-04-10T11:23:12,445.11,CREDIT,product_sales,In-store sales,245759.37,retailer,"sale,peak_day"
TXN-25BB8B826E1D,2026-04-10T12:48:52,255.5,CREDIT,product_sales,Walk-in customer,233352.97,retailer,"sale,peak_day"
TXN-0EF2520A47BC,2026-04-10T13:04:16,352.37,CREDIT,bulk_order,Bulk purchase - B2B,229881.0,retailer,"sale,peak_day"
TXN-0736B264F9CD,2026-04-10T13:21:28,125.89,CREDIT,bulk_order,Corporate purchase,231764.89,retailer,"sale,peak_day"
TXN-1DFCC0F99C2C,2026-04-10T13:56:40,622.91,CREDIT,returns_received,Supplier credit note,239276.29,retailer,"sale,peak_day"
TXN-078E2CF8893A,2026-04-10T14:47:28,445.31,CREDIT,product_sales,Counter sale,232280.42,retailer,"sale,peak_day"
TXN-DFF42D5DAB47,2026-04-10T14:56:03,264.11,CREDIT,returns_received,Return from vendor,235864.32,retailer,"sale,peak_day"
TXN-B5EF477E7177,2026-04-10T15:25:10,633.49,CREDIT,bulk_order,Corporate purchase,241530.48,retailer,"sale,peak_day"
TXN-0BE12836334A,2026-04-10T15:46:10,318.13,CREDIT,product_sales,Walk-in customer,240896.99,retailer,"sale,peak_day"
TXN-EE54DC86A4F5,2026-04-10T15:59:04,139.74,CREDIT,product_sales,In-store sales,238018.25,retailer,"sale,peak_day"
TXN-FAE2B0347B01,2026-04-10T15:59:41,10.0,CREDIT,returns_received,Supplier credit note,229156.42,retailer,"sale,peak_day"
TXN-40EF58A30DC7,2026-04-10T16:27:31,379.21,CREDIT,product_sales,In-store sales,235600.21,retailer,"sale,peak_day"
TXN-E9BFB856B7D3,2026-04-10T16:33:00,714.62,CREDIT,online_sales,Online cart,235221.0,retailer,"sale,peak_day"
TXN-98E46E69AF65,2026-04-10T16:35:00,351.16,DEBIT,inventory_purchase,Stock order #TXN-1B19,243698.28,retailer,"expense,inventory_order"
TXN-1A804D424764,2026-04-10T17:14:37,185.89,CREDIT,online_sales,Shopify order,230066.89,retailer,"sale,peak_day"
TXN-F244BEA11457,2026-04-10T17:21:45,239.73,CREDIT,bulk_order,Corporate purchase,236104.05,retailer,"sale,peak_day"
TXN-37ED3177BCA1,2026-04-10T17:26:13,66.15,CREDIT,product_sales,Counter sale,243323.34,retailer,"sale,peak_day"
TXN-30C9CDE886EE,2026-04-10T17:26:57,581.38,CREDIT,bulk_order,Wholesale order,236685.43,retailer,"sale,peak_day"
TXN-64DD643F70FF,2026-04-10T17:37:00,1234.89,DEBIT,logistics,Shipping cost,244524.48,retailer,expense
TXN-4F96FA1DDBD7,2026-04-10T18:20:54,817.05,CREDIT,product_sales,POS transaction,233097.47,retailer,"sale,peak_day"
TXN-C81B9D4E6C69,2026-04-10T18:44:00,732.01,DEBIT,utilities,Electricity bill,242966.27,retailer,expense
TXN-EFE1C75886E7,2026-04-10T18:50:31,672.94,CREDIT,product_sales,In-store sales,234135.23,retailer,"sale,peak_day"
TXN-11B0AAE8D874,2026-04-10T18:55:54,678.45,CREDIT,product_sales,Counter sale,230779.35,retailer,"sale,peak_day"
TXN-3B6D7D30982A,2026-04-10T19:29:12,457.15,CREDIT,bulk_order,Bulk purchase - B2B,244413.74,retailer,"sale,peak_day"
TXN-2FCD4071B403,2026-04-10T19:57:23,371.15,CREDIT,returns_received,Return from vendor,234506.38,retailer,"sale,peak_day"
TXN-D17860AEDE89,2026-04-10T20:56:52,70.22,CREDIT,product_sales,Walk-in customer,231835.11,retailer,"sale,peak_day"
TXN-EDD1E4AD2F8F,2026-04-11T08:36:00,1020.68,DEBIT,maintenance,Plumbing repair,250566.51,retailer,expense
TXN-FCC8283705C9,2026-04-11T09:18:00,666.6,DEBIT,marketing,Google Ads,251587.19,retailer,expense
TXN-F197CBC85ABE,2026-04-11T10:22:17,407.24,CREDIT,product_sales,Walk-in customer,248377.87,retailer,"sale,peak_day"
TXN-56A0C8CABEC5,2026-04-11T10:26:08,207.8,CREDIT,online_sales,Online cart,249954.73,retailer,"sale,peak_day"
TXN-CE755E1624AE,2026-04-11T10:55:24,620.91,CREDIT,product_sales,Counter sale,243288.18,retailer,"sale,peak_day"
TXN-871ABB8466D1,2026-04-11T11:03:13,402.39,CREDIT,bulk_order,Corporate purchase,247671.61,retailer,"sale,peak_day"
TXN-98C4B06D18F1,2026-04-11T11:04:25,463.75,CREDIT,returns_received,Return from vendor,247269.22,retailer,"sale,peak_day"
TXN-B68CA5CBA844,2026-04-11T11:13:36,329.64,CREDIT,returns_received,Return from vendor,244072.29,retailer,"sale,peak_day"
TXN-A39B251A6891,2026-04-11T11:21:36,487.28,CREDIT,product_sales,POS transaction,253414.75,retailer,"sale,peak_day"
TXN-28C479201252,2026-04-11T11:31:30,268.73,CREDIT,returns_received,Return from vendor,246524.97,retailer,"sale,peak_day"
TXN-3FDF172667F6,2026-04-11T12:34:01,280.5,CREDIT,bulk_order,Corporate purchase,246805.47,retailer,"sale,peak_day"
TXN-DA3C3018A3E2,2026-04-11T12:56:25,384.4,CREDIT,returns_received,Return from vendor,251618.73,retailer,"sale,peak_day"
TXN-FE939E6EAF99,2026-04-11T13:01:13,270.98,CREDIT,bulk_order,Wholesale order,251234.33,retailer,"sale,peak_day"
TXN-8AE204377434,2026-04-11T13:03:53,299.02,CREDIT,product_sales,Counter sale,247970.63,retailer,"sale,peak_day"
TXN-CF3C4F967131,2026-04-11T13:07:20,361.92,CREDIT,product_sales,In-store sales,253776.67,retailer,"sale,peak_day"
TXN-C66891D9305F,2026-04-11T13:27:00,1522.88,DEBIT,utilities,Water bill,252253.79,retailer,expense
TXN-03FF18446469,2026-04-11T13:38:34,672.5,CREDIT,product_sales,Walk-in customer,246256.24,retailer,"sale,peak_day"
TXN-3E84CEC15ACE,2026-04-11T14:07:10,449.37,CREDIT,online_sales,Online cart,250963.35,retailer,"sale,peak_day"
TXN-01715F9FFE6C,2026-04-11T15:18:27,454.47,CREDIT,bulk_order,Wholesale order,243742.65,retailer,"sale,peak_day"
TXN-5C1610031835,2026-04-11T15:33:36,289.03,CREDIT,online_sales,Online cart,252927.47,retailer,"sale,peak_day"
TXN-3027C21CBDB8,2026-04-11T15:42:44,383.72,CREDIT,bulk_order,Corporate purchase,252638.44,retailer,"sale,peak_day"
TXN-5EC36FFB869A,2026-04-11T15:58:54,113.6,CREDIT,returns_received,Return from vendor,252254.72,retailer,"sale,peak_day"
TXN-CEC636D51431,2026-04-11T16:31:14,786.84,CREDIT,product_sales,Walk-in customer,244859.13,retailer,"sale,peak_day"
TXN-8F2A942B2276,2026-04-11T17:06:51,746.61,CREDIT,bulk_order,Corporate purchase,249124.48,retailer,"sale,peak_day"
TXN-811FC6F4A7D0,2026-04-11T18:41:11,349.58,CREDIT,online_sales,Amazon marketplace,245208.71,retailer,"sale,peak_day"
TXN-0ACE11DF379B,2026-04-11T19:02:36,375.03,CREDIT,returns_received,Supplier credit note,245583.74,retailer,"sale,peak_day"
TXN-136FDC7641F0,2026-04-11T19:44:46,338.31,CREDIT,product_sales,Counter sale,251957.04,retailer,"sale,peak_day"
TXN-87464883FFB9,2026-04-11T19:50:01,322.91,CREDIT,online_sales,Shopify order,249447.39,retailer,"sale,peak_day"
TXN-3C717222D71E,2026-04-11T20:26:13,184.08,CREDIT,bulk_order,Corporate purchase,252141.12,retailer,"sale,peak_day"
TXN-382F5C16DA1B,2026-04-11T20:36:53,299.54,CREDIT,product_sales,POS transaction,249746.93,retailer,"sale,peak_day"
TXN-F090DE2E7A9E,2026-04-11T20:56:02,559.25,CREDIT,product_sales,Counter sale,250513.98,retailer,"sale,peak_day"
TXN-D9AA414A6CF1,2026-04-12T08:16:00,263.76,DEBIT,logistics,Courier charges,256199.16,retailer,expense
TXN-A0A7667352ED,2026-04-12T10:46:00,1458.21,DEBIT,maintenance,Equipment maintenance,257014.72,retailer,expense
TXN-FDFFD66A8412,2026-04-12T10:53:46,390.64,CREDIT,product_sales,Walk-in customer,255235.26,retailer,"sale,peak_day"
TXN-FCA1AF65BB14,2026-04-12T11:03:00,107.66,DEBIT,marketing,Google Ads,256462.92,retailer,expense
TXN-F0C3727166A5,2026-04-12T11:42:18,426.98,CREDIT,product_sales,In-store sales,255951.2,retailer,"sale,peak_day"
TXN-DF3C410D8E73,2026-04-12T12:16:51,274.21,CREDIT,bulk_order,Wholesale order,256319.01,retailer,"sale,peak_day"
TXN-E075FD27519F,2026-04-12T12:21:41,396.86,CREDIT,bulk_order,Bulk purchase - B2B,250963.37,retailer,"sale,peak_day"
TXN-FE6B42E3212D,2026-04-12T12:54:05,157.34,CREDIT,product_sales,In-store sales,255524.22,retailer,"sale,peak_day"
TXN-B1751FEED42A,2026-04-12T13:10:39,392.07,CREDIT,returns_received,Return from vendor,258472.93,retailer,"sale,peak_day"
TXN-20255BDC57BD,2026-04-12T14:16:30,522.16,CREDIT,online_sales,Website checkout,252508.88,retailer,"sale,peak_day"
TXN-F3A1FF6B760A,2026-04-12T14:18:00,444.14,DEBIT,utilities,Electricity bill,256570.58,retailer,expense
TXN-CF3C9FA6D874,2026-04-12T14:44:05,266.67,CREDIT,bulk_order,Corporate purchase,253462.17,retailer,"sale,peak_day"
TXN-21C14C1D3986,2026-04-12T15:35:28,596.92,CREDIT,returns_received,Supplier credit note,257281.05,retailer,"sale,peak_day"
TXN-CF1C31C4BC8B,2026-04-12T16:22:38,453.82,CREDIT,bulk_order,Corporate purchase,253915.99,retailer,"sale,peak_day"
TXN-E7F78B8FA542,2026-04-12T16:25:10,275.67,CREDIT,product_sales,In-store sales,257556.72,retailer,"sale,peak_day"
TXN-A78FB0FEA3A8,2026-04-12T17:03:46,1023.35,CREDIT,bulk_order,Bulk purchase - B2B,251986.72,retailer,"sale,peak_day"
TXN-FB0D10FC4197,2026-04-12T17:35:31,365.12,CREDIT,online_sales,Website checkout,256684.13,retailer,"sale,peak_day"
TXN-19CB5D8E34DA,2026-04-12T17:37:04,524.14,CREDIT,product_sales,POS transaction,258080.86,retailer,"sale,peak_day"
TXN-4016C343AD2D,2026-04-12T18:10:02,93.6,CREDIT,bulk_order,Bulk purchase - B2B,256044.8,retailer,"sale,peak_day"
TXN-EFDAE07933DB,2026-04-12T18:21:52,928.63,CREDIT,bulk_order,Wholesale order,254844.62,retailer,"sale,peak_day"
TXN-17F3FBA1CA57,2026-04-12T18:45:46,686.62,CREDIT,returns_received,Supplier credit note,253195.5,retailer,"sale,peak_day"
TXN-5C1ADBAA231F,2026-04-12T20:56:49,131.62,CREDIT,product_sales,Walk-in customer,255366.88,retailer,"sale,peak_day"
TXN-F1E7E75DE7CA,2026-04-13T08:02:46,514.15,CREDIT,product_sales,In-store sales,266909.47,retailer,sale
TXN-5E696FD56E1A,2026-04-13T08:32:28,484.34,CREDIT,bulk_order,Bulk purchase - B2B,264157.43,retailer,sale
TXN-EE9E3FB2E6F6,2026-04-13T08:58:32,493.81,CREDIT,product_sales,Counter sale,262795.72,retailer,sale
TXN-D403104BFCA3,2026-04-13T09:26:05,339.4,CREDIT,bulk_order,Corporate purchase,257858.72,retailer,sale
TXN-FA3EFCA6BA0E,2026-04-13T09:28:11,249.2,CREDIT,product_sales,Counter sale,257044.48,retailer,sale
TXN-FB3DCFD43851,2026-04-13T10:18:16,843.7,CREDIT,returns_received,Return from vendor,260273.61,retailer,sale
TXN-E41C1ADB4070,2026-04-13T10:50:04,562.3,CREDIT,online_sales,Online cart,265397.81,retailer,sale
TXN-4ABF3EBB3470,2026-04-13T10:51:23,596.12,CREDIT,returns_received,Return from vendor,256795.28,retailer,sale
TXN-75085F21D714,2026-04-13T11:02:54,837.39,CREDIT,online_sales,Amazon marketplace,263673.09,retailer,sale
TXN-0B9509979678,2026-04-13T11:21:07,509.11,CREDIT,bulk_order,Bulk purchase - B2B,264666.54,retailer,sale
TXN-F8E771573E2C,2026-04-13T11:34:19,369.69,CREDIT,bulk_order,Wholesale order,258228.41,retailer,sale
TXN-0AEF0CCEA9B2,2026-04-13T11:39:56,557.42,CREDIT,bulk_order,Wholesale order,258785.83,retailer,sale
TXN-4BCE8861DD98,2026-04-13T11:46:02,39.98,CREDIT,bulk_order,Bulk purchase - B2B,262835.7,retailer,sale
TXN-69B25E8730F3,2026-04-13T12:00:51,702.14,CREDIT,bulk_order,Corporate purchase,269661.32,retailer,sale
TXN-ED0030167AD0,2026-04-13T12:01:32,247.35,CREDIT,returns_received,Return from vendor,268959.18,retailer,sale
TXN-A061600FA635,2026-04-13T12:03:09,258.81,CREDIT,returns_received,Supplier credit note,265656.62,retailer,sale
TXN-9ECE6995E2A6,2026-04-13T12:59:48,653.24,CREDIT,returns_received,Supplier credit note,260926.85,retailer,sale
TXN-8D5C357839F1,2026-04-13T13:32:00,1475.67,DEBIT,utilities,Internet bill,268429.8,retailer,expense
TXN-6A5EC9829DDA,2026-04-13T13:32:10,567.34,CREDIT,returns_received,Supplier credit note,261866.0,retailer,sale
TXN-1BB393F65A0E,2026-04-13T14:46:56,644.08,CREDIT,product_sales,Walk-in customer,259429.91,retailer,sale
TXN-2BE0E9018A46,2026-04-13T14:54:00,950.02,DEBIT,inventory_purchase,Stock order #TXN-9B2B,267479.78,retailer,"expense,inventory_order"
TXN-703324A23DCE,2026-04-13T15:05:59,168.97,CREDIT,product_sales,In-store sales,264835.51,retailer,sale
TXN-D8F8A9E03ECA,2026-04-13T16:19:17,435.91,CREDIT,online_sales,Amazon marketplace,262301.91,retailer,sale
TXN-25158290FCB9,2026-04-13T16:37:29,374.42,CREDIT,online_sales,Amazon marketplace,266031.04,retailer,sale
TXN-E64A4B9FD365,2026-04-13T16:49:55,371.81,CREDIT,product_sales,Counter sale,261298.66,retailer,sale
TXN-99D911BD79A0,2026-04-13T16:57:37,244.15,CREDIT,online_sales,Amazon marketplace,269905.47,retailer,sale
TXN-79F88DAF1A42,2026-04-13T18:07:09,588.2,CREDIT,product_sales,POS transaction,268162.21,retailer,sale
TXN-B09B087ADAC5,2026-04-13T18:27:13,664.54,CREDIT,returns_received,Supplier credit note,267574.01,retailer,sale
TXN-28FC71034E72,2026-04-13T20:04:54,474.84,CREDIT,online_sales,Shopify order,257519.32,retailer,sale
TXN-DED3D14BF4CA,2026-04-13T20:45:39,364.28,CREDIT,returns_received,Return from vendor,266395.32,retailer,sale
TXN-107A073CCE51,2026-04-13T20:52:49,549.62,CREDIT,product_sales,POS transaction,268711.83,retailer,sale
TXN-1B60DDD534D5,2026-04-14T08:47:20,333.12,CREDIT,online_sales,Amazon marketplace,271007.95,retailer,sale
TXN-4BA837796341,2026-04-14T08:49:07,551.98,CREDIT,product_sales,Walk-in customer,274629.81,retailer,sale
TXN-1A4E672FBC54,2026-04-14T09:10:49,607.41,CREDIT,bulk_order,Bulk purchase - B2B,268116.44,retailer,sale
TXN-F1C10C776816,2026-04-14T09:35:39,831.62,CREDIT,returns_received,Return from vendor,275461.43,retailer,sale
TXN-6F7562B8FE10,2026-04-14T09:39:52,414.07,CREDIT,bulk_order,Wholesale order,277939.03,retailer,sale
TXN-995A569B9054,2026-04-14T11:02:47,229.11,CREDIT,returns_received,Supplier credit note,269119.52,retailer,sale
TXN-E47513D75579,2026-04-14T11:57:49,486.74,CREDIT,returns_received,Return from vendor,273427.9,retailer,sale
TXN-E41A1B68F5BE,2026-04-14T12:50:25,175.7,CREDIT,bulk_order,Wholesale order,276002.17,retailer,sale
TXN-4F9CDEA29900,2026-04-14T13:03:18,514.18,CREDIT,bulk_order,Corporate purchase,280706.79,retailer,sale
TXN-7C16A1E82E32,2026-04-14T13:15:38,742.86,CREDIT,returns_received,Supplier credit note,282044.2,retailer,sale
TXN-DFD7BE988B54,2026-04-14T14:02:17,707.29,CREDIT,product_sales,Counter sale,272040.57,retailer,sale
TXN-64C494D2D35C,2026-04-14T14:14:55,365.04,CREDIT,returns_received,Supplier credit note,275826.47,retailer,sale
TXN-6DCB15FD4AED,2026-04-14T14:41:40,674.11,CREDIT,bulk_order,Corporate purchase,272714.68,retailer,sale
TXN-7DE01D1DDB4D,2026-04-14T14:43:00,857.21,DEBIT,utilities,Electricity bill,278612.52,retailer,expense
TXN-ED482EEF25AE,2026-04-14T14:47:53,329.14,CREDIT,bulk_order,Corporate purchase,274077.83,retailer,sale
TXN-61610D0002BF,2026-04-14T15:06:13,629.71,CREDIT,online_sales,Online cart,270235.65,retailer,sale
TXN-0C88D4ACE77B,2026-04-14T15:10:12,580.88,CREDIT,product_sales,Walk-in customer,279159.64,retailer,sale
TXN-F2C8E293D17C,2026-04-14T15:31:50,773.97,CREDIT,returns_received,Supplier credit note,268890.41,retailer,sale
TXN-2A338863171C,2026-04-14T15:41:00,1360.05,DEBIT,marketing,Print marketing,279469.73,retailer,expense
TXN-0B79C003E11E,2026-04-14T16:08:51,701.46,CREDIT,product_sales,In-store sales,276703.63,retailer,sale
TXN-5CBB6A25591A,2026-04-14T16:28:00,1309.79,DEBIT,utilities,Internet bill,281220.21,retailer,expense
TXN-C34C944C61AE,2026-04-14T16:35:50,320.79,CREDIT,product_sales,Counter sale,273748.69,retailer,sale
TXN-AC31B667C4EC,2026-04-14T16:50:00,650.74,CREDIT,returns_received,Supplier credit note,279810.38,retailer,sale
TXN-2A2563FCA79F,2026-04-14T17:05:00,390.43,DEBIT,marketing,Influencer payment,280829.78,retailer,expense
TXN-123C9FF9C106,2026-04-14T17:25:05,485.8,CREDIT,bulk_order,Corporate purchase,282530.0,retailer,sale
TXN-15D6FD83685A,2026-04-14T17:28:31,486.42,CREDIT,online_sales,Shopify order,269605.94,retailer,sale
TXN-5287A4213B88,2026-04-14T17:33:54,639.73,CREDIT,online_sales,Amazon marketplace,278578.76,retailer,sale
TXN-600D790F8AF7,2026-04-14T17:44:39,29.25,CREDIT,online_sales,Website checkout,267509.03,retailer,sale
TXN-B5A551C4575E,2026-04-14T18:55:17,382.23,CREDIT,bulk_order,Corporate purchase,280192.61,retailer,sale
TXN-6DF28AED900A,2026-04-14T19:01:39,594.55,CREDIT,bulk_order,Wholesale order,281301.34,retailer,sale
TXN-5AC7F09F2C40,2026-04-14T19:10:46,821.33,CREDIT,online_sales,Online cart,277524.96,retailer,sale
TXN-AA613837AB23,2026-04-14T19:29:22,325.33,CREDIT,bulk_order,Wholesale order,271333.28,retailer,sale
TXN-6D3CB67AB016,2026-04-14T19:53:51,226.48,CREDIT,product_sales,Counter sale,272941.16,retailer,sale
TXN-962424025551,2026-04-14T20:18:14,439.18,CREDIT,returns_received,Supplier credit note,270674.83,retailer,sale
TXN-AA69A32AE67F,2026-04-15T08:10:51,623.55,CREDIT,returns_received,Supplier credit note,282503.05,retailer,sale
TXN-29DB11B0F80D,2026-04-15T09:08:47,425.13,CREDIT,product_sales,In-store sales,284295.87,retailer,sale
TXN-869DFD4B19D1,2026-04-15T09:52:52,474.88,CREDIT,bulk_order,Wholesale order,283870.74,retailer,sale
TXN-26B9375196BA,2026-04-15T10:05:00,1290.04,DEBIT,inventory_purchase,Stock order #TXN-7511,282558.64,retailer,"expense,inventory_order"
TXN-F6F89F373520,2026-04-15T10:23:11,522.65,CREDIT,returns_received,Return from vendor,283025.7,retailer,sale
TXN-CFBFAFF504D0,2026-04-15T11:18:50,803.94,CREDIT,online_sales,Online cart,280976.97,retailer,sale
TXN-4FF83FE359B3,2026-04-15T11:44:53,607.55,CREDIT,bulk_order,Wholesale order,279576.94,retailer,sale
TXN-442410DE5542,2026-04-15T14:08:27,356.87,CREDIT,online_sales,Website checkout,278969.39,retailer,sale
TXN-45ABCD929113,2026-04-15T14:56:00,563.93,DEBIT,marketing,Google Ads,283848.68,retailer,expense
TXN-57348507712A,2026-04-15T15:17:58,313.62,CREDIT,product_sales,In-store sales,281879.5,retailer,sale
TXN-230E36A60FC5,2026-04-15T15:18:26,371.5,CREDIT,product_sales,In-store sales,285569.56,retailer,sale
TXN-E7279121EE07,2026-04-15T16:36:00,1156.95,DEBIT,inventory_purchase,Stock order #TXN-3832,284412.61,retailer,"expense,inventory_order"
TXN-7E87448834E4,2026-04-15T17:13:16,596.09,CREDIT,bulk_order,Bulk purchase - B2B,280173.03,retailer,sale
TXN-9052B2E55A11,2026-04-15T19:01:40,370.16,CREDIT,online_sales,Website checkout,283395.86,retailer,sale
TXN-422BF4E77603,2026-04-15T19:44:31,697.63,CREDIT,online_sales,Website checkout,284993.5,retailer,sale
TXN-4E39427B5029,2026-04-15T20:56:08,588.91,CREDIT,product_sales,Walk-in customer,281565.88,retailer,sale
TXN-6A399CCBF329,2026-04-15T20:58:37,204.56,CREDIT,returns_received,Supplier credit note,285198.06,retailer,sale
TXN-2BB47DC1C99C,2026-04-16T08:01:00,241.96,DEBIT,logistics,Courier charges,290036.49,retailer,expense
TXN-B65066F1D7BB,2026-04-16T08:16:01,563.9,CREDIT,online_sales,Shopify order,287299.58,retailer,sale
TXN-62A0B7E8F350,2026-04-16T08:25:06,304.87,CREDIT,bulk_order,Corporate purchase,284727.74,retailer,sale
TXN-6B3051538D98,2026-04-16T08:26:21,271.43,CREDIT,bulk_order,Corporate purchase,291627.3,retailer,sale
TXN-E3440E973744,2026-04-16T08:30:21,655.05,CREDIT,bulk_order,Wholesale order,289848.46,retailer,sale
TXN-F9CA3000B5C5,2026-04-16T09:14:42,295.35,CREDIT,returns_received,Supplier credit note,283984.66,retailer,sale
TXN-6CF76B434E31,2026-04-16T10:10:06,544.5,CREDIT,returns_received,Return from vendor,286735.68,retailer,sale
TXN-A7E4EB477F58,2026-04-16T10:28:33,438.21,CREDIT,bulk_order,Corporate purchase,284422.87,retailer,sale
TXN-23EC3C03B10F,2026-04-16T10:33:05,439.46,CREDIT,online_sales,Amazon marketplace,291355.87,retailer,sale
TXN-B530CAB17649,2026-04-16T11:42:08,502.31,CREDIT,bulk_order,Wholesale order,285861.92,retailer,sale
TXN-269AF5A1B4B2,2026-04-16T12:32:00,457.83,DEBIT,utilities,Electricity bill,290278.45,retailer,expense
TXN-40C5F300329F,2026-04-16T14:07:44,516.6,CREDIT,product_sales,Walk-in customer,288450.72,retailer,sale
TXN-691F5546B86D,2026-04-16T14:32:48,242.04,CREDIT,returns_received,Supplier credit note,289193.41,retailer,sale
TXN-F4151747CD32,2026-04-16T15:08:54,823.55,CREDIT,online_sales,Online cart,290916.41,retailer,sale
TXN-C717DCB78784,2026-04-16T15:51:12,279.91,CREDIT,returns_received,Return from vendor,283347.26,retailer,sale
TXN-22DF87115EF9,2026-04-16T16:14:00,891.02,DEBIT,inventory_purchase,Stock order #TXN-6AAB,290736.28,retailer,"expense,inventory_order"
TXN-E97F76604502,2026-04-16T16:21:14,342.05,CREDIT,product_sales,POS transaction,283689.31,retailer,sale
TXN-6BDB9740FE3F,2026-04-16T17:13:47,508.71,CREDIT,bulk_order,Wholesale order,283067.35,retailer,sale
TXN-60FC3D306BB9,2026-04-16T17:46:00,243.97,DEBIT,inventory_purchase,Stock order #TXN-3B56,289792.52,retailer,"expense,inventory_order"
TXN-3A756900E943,2026-04-16T17:50:10,68.61,CREDIT,online_sales,Website checkout,285930.53,retailer,sale
TXN-76C224961F9B,2026-04-16T18:28:00,243.59,CREDIT,product_sales,In-store sales,288951.37,retailer,sale
TXN-08D061CCA19D,2026-04-16T19:11:20,257.06,CREDIT,product_sales,POS transaction,288707.78,retailer,sale
TXN-E6CE25CF855B,2026-04-16T19:14:33,43.3,CREDIT,online_sales,Online cart,287342.88,retailer,sale
TXN-9F662A7FAB85,2026-04-16T19:47:59,631.87,CREDIT,returns_received,Supplier credit note,285359.61,retailer,sale
TXN-339733D817AA,2026-04-16T19:53:59,244.4,CREDIT,returns_received,Supplier credit note,290092.86,retailer,sale
TXN-494753153B66,2026-04-16T20:30:24,260.65,CREDIT,returns_received,Return from vendor,286191.18,retailer,sale
TXN-2EBE9A8B1FDD,2026-04-16T20:48:20,591.24,CREDIT,returns_received,Return from vendor,287934.12,retailer,sale
TXN-FD25ACE40F37,2026-04-17T08:11:31,480.02,CREDIT,product_sales,Walk-in customer,290272.54,retailer,"sale,peak_day"
TXN-1C59EE94F883,2026-04-17T08:38:57,685.24,CREDIT,online_sales,Online cart,304925.42,retailer,"sale,peak_day"
TXN-821BBFE0AF51,2026-04-17T09:11:44,493.71,CREDIT,product_sales,In-store sales,306215.09,retailer,"sale,peak_day"
TXN-419238681F44,2026-04-17T09:18:24,376.9,CREDIT,online_sales,Website checkout,296851.17,retailer,"sale,peak_day"
TXN-86D7F32DD8DA,2026-04-17T09:27:53,732.48,CREDIT,returns_received,Return from vendor,291015.02,retailer,"sale,peak_day"
TXN-7C8B7DC12AD0,2026-04-17T09:59:06,352.49,CREDIT,bulk_order,Bulk purchase - B2B,297203.66,retailer,"sale,peak_day"
TXN-C7765C834AD8,2026-04-17T10:04:28,588.95,CREDIT,returns_received,Return from vendor,298983.51,retailer,"sale,peak_day"
TXN-F65A22F8065C,2026-04-17T10:54:16,291.02,CREDIT,online_sales,Website checkout,296474.27,retailer,"sale,peak_day"
TXN-0128B69C85E7,2026-04-17T10:55:41,230.87,CREDIT,online_sales,Shopify order,304240.18,retailer,"sale,peak_day"
TXN-B0236651CBC8,2026-04-17T11:12:06,384.07,CREDIT,online_sales,Amazon marketplace,297587.73,retailer,"sale,peak_day"
TXN-6CF56052E61B,2026-04-17T11:18:18,433.96,CREDIT,online_sales,Online cart,294907.78,retailer,"sale,peak_day"
TXN-E1DD39CE8344,2026-04-17T11:27:00,259.44,DEBIT,logistics,Shipping cost,304994.03,retailer,expense
TXN-F9BEBA5D1049,2026-04-17T11:40:02,233.98,CREDIT,returns_received,Supplier credit note,301158.69,retailer,"sale,peak_day"
TXN-200EE36B33F0,2026-04-17T11:43:35,518.63,CREDIT,online_sales,Online cart,296183.25,retailer,"sale,peak_day"
TXN-8B4B9F1E0616,2026-04-17T11:45:54,121.97,CREDIT,online_sales,Amazon marketplace,291691.64,retailer,"sale,peak_day"
TXN-6D018DD7847D,2026-04-17T11:56:43,901.67,CREDIT,returns_received,Supplier credit note,293166.79,retailer,"sale,peak_day"
TXN-D49336986A76,2026-04-17T12:01:32,409.32,CREDIT,returns_received,Supplier credit note,305721.38,retailer,"sale,peak_day"
TXN-C3998507A03C,2026-04-17T12:26:06,418.45,CREDIT,online_sales,Amazon marketplace,299401.96,retailer,"sale,peak_day"
TXN-147D30F2F634,2026-04-17T12:31:34,701.45,CREDIT,bulk_order,Bulk purchase - B2B,293868.24,retailer,"sale,peak_day"
TXN-51949A3E95DD,2026-04-17T12:35:00,961.62,DEBIT,maintenance,Equipment maintenance,305253.47,retailer,expense
TXN-0AAE1E72ABAA,2026-04-17T12:45:51,10.0,CREDIT,returns_received,Supplier credit note,290282.54,retailer,"sale,peak_day"
TXN-ED74A2C0C939,2026-04-17T13:43:36,338.92,CREDIT,product_sales,POS transaction,303298.76,retailer,"sale,peak_day"
TXN-085A6133981A,2026-04-17T13:46:08,394.69,CREDIT,online_sales,Website checkout,292265.12,retailer,"sale,peak_day"
TXN-A8F3A29DA186,2026-04-17T14:16:24,517.34,CREDIT,product_sales,Counter sale,303816.1,retailer,"sale,peak_day"
TXN-2645A4D3AD2C,2026-04-17T14:51:41,527.58,CREDIT,online_sales,Shopify order,301686.27,retailer,"sale,peak_day"
TXN-B65F6E75D614,2026-04-17T15:14:34,456.89,CREDIT,online_sales,Online cart,300924.71,retailer,"sale,peak_day"
TXN-49E33353A739,2026-04-17T15:15:55,404.78,CREDIT,returns_received,Return from vendor,302091.05,retailer,"sale,peak_day"
TXN-2D681A1994CA,2026-04-17T15:17:32,619.06,CREDIT,returns_received,Return from vendor,298206.79,retailer,"sale,peak_day"
TXN-B40F051D532D,2026-04-17T15:38:43,339.6,CREDIT,returns_received,Return from vendor,294473.82,retailer,"sale,peak_day"
TXN-5E42975C2DB6,2026-04-17T15:56:34,832.77,CREDIT,online_sales,Website checkout,300467.82,retailer,"sale,peak_day"
TXN-C4D43A2C5155,2026-04-17T16:07:15,756.84,CREDIT,online_sales,Website checkout,295664.62,retailer,"sale,peak_day"
TXN-FFCB061869E0,2026-04-17T16:22:30,233.09,CREDIT,bulk_order,Bulk purchase - B2B,299635.05,retailer,"sale,peak_day"
TXN-9DA6419D43FC,2026-04-17T16:30:38,187.77,CREDIT,bulk_order,Bulk purchase - B2B,298394.56,retailer,"sale,peak_day"
TXN-69DD9486B67F,2026-04-17T17:03:19,123.68,CREDIT,online_sales,Shopify order,302511.92,retailer,"sale,peak_day"
TXN-B8CDD5E62D9B,2026-04-17T17:21:10,554.65,CREDIT,online_sales,Shopify order,291569.67,retailer,"sale,peak_day"
TXN-262D9512C9F8,2026-04-17T17:51:27,193.21,CREDIT,returns_received,Supplier credit note,304009.31,retailer,"sale,peak_day"
TXN-485A089105AF,2026-04-17T18:13:08,178.79,CREDIT,bulk_order,Bulk purchase - B2B,291870.43,retailer,"sale,peak_day"
TXN-FFFB99B14E6A,2026-04-17T18:18:27,265.98,CREDIT,online_sales,Online cart,294134.22,retailer,"sale,peak_day"
TXN-DF3F83E3631E,2026-04-17T18:23:52,386.64,CREDIT,returns_received,Supplier credit note,305312.06,retailer,"sale,peak_day"
TXN-D9893AF20D08,2026-04-17T19:31:24,297.19,CREDIT,online_sales,Shopify order,302388.24,retailer,"sale,peak_day"
TXN-EFB23A34FA49,2026-04-17T20:53:53,447.92,CREDIT,returns_received,Return from vendor,302959.84,retailer,"sale,peak_day"
TXN-212171C038C9,2026-04-18T08:13:31,749.22,CREDIT,bulk_order,Corporate purchase,318927.29,retailer,"sale,peak_day"
TXN-046B3B3F04E4,2026-04-18T08:19:52,183.38,CREDIT,online_sales,Online cart,315692.76,retailer,"sale,peak_day"
TXN-0B33B433B5B0,2026-04-18T08:31:38,200.47,CREDIT,online_sales,Online cart,317052.39,retailer,"sale,peak_day"
TXN-1E911ACD1BE2,2026-04-18T08:45:00,552.49,CREDIT,online_sales,Amazon marketplace,310005.41,retailer,"sale,peak_day"
TXN-288A22FF868F,2026-04-18T09:43:58,501.56,CREDIT,online_sales,Amazon marketplace,316194.32,retailer,"sale,peak_day"
TXN-6AC9FC96E1E4,2026-04-18T10:05:11,406.77,CREDIT,returns_received,Return from vendor,307135.2,retailer,"sale,peak_day"
TXN-019FE33DAEB1,2026-04-18T10:09:43,637.68,CREDIT,product_sales,Walk-in customer,315301.29,retailer,"sale,peak_day"
TXN-60DCDCE18915,2026-04-18T10:45:23,221.79,CREDIT,bulk_order,Corporate purchase,321608.31,retailer,"sale,peak_day"
TXN-0A585395C053,2026-04-18T10:53:01,402.63,CREDIT,product_sales,POS transaction,311385.87,retailer,"sale,peak_day"
TXN-D2C9DDDF08A6,2026-04-18T10:58:43,508.28,CREDIT,returns_received,Supplier credit note,317982.55,retailer,"sale,peak_day"
TXN-8B8C485A1697,2026-04-18T10:58:55,509.5,CREDIT,product_sales,In-store sales,309452.92,retailer,"sale,peak_day"
TXN-17B9900E31CF,2026-04-18T11:27:50,198.09,CREDIT,online_sales,Shopify order,315509.38,retailer,"sale,peak_day"
TXN-C56B724FFCD6,2026-04-18T11:32:45,190.69,CREDIT,returns_received,Supplier credit note,305952.08,retailer,"sale,peak_day"
TXN-D06FE7E61C0D,2026-04-18T12:03:49,555.0,CREDIT,returns_received,Supplier credit note,310983.24,retailer,"sale,peak_day"
TXN-3CF56EF154A3,2026-04-18T12:21:53,290.48,CREDIT,returns_received,Supplier credit note,307880.57,retailer,"sale,peak_day"
TXN-EF499C9251A8,2026-04-18T12:24:49,658.89,CREDIT,bulk_order,Corporate purchase,312044.76,retailer,"sale,peak_day"
TXN-3FF96AA54879,2026-04-18T12:42:31,421.88,CREDIT,online_sales,Shopify order,317474.27,retailer,"sale,peak_day"
TXN-7C4FBADE3C32,2026-04-18T12:45:45,195.4,CREDIT,online_sales,Shopify order,307590.09,retailer,"sale,peak_day"
TXN-827DC517576D,2026-04-18T13:03:16,524.45,CREDIT,product_sales,Counter sale,320047.25,retailer,"sale,peak_day"
TXN-7F66995EF016,2026-04-18T13:16:07,776.35,CREDIT,product_sales,Walk-in customer,306728.43,retailer,"sale,peak_day"
TXN-E9252AF41EA9,2026-04-18T13:24:07,366.16,CREDIT,online_sales,Amazon marketplace,313350.45,retailer,"sale,peak_day"
TXN-0F68F7794D21,2026-04-18T13:30:00,487.69,CREDIT,bulk_order,Bulk purchase - B2B,312532.45,retailer,"sale,peak_day"
TXN-344DAB5AFC85,2026-04-18T13:48:09,182.27,CREDIT,returns_received,Return from vendor,318164.82,retailer,"sale,peak_day"
TXN-58CF4FE48D4C,2026-04-18T13:50:07,584.91,CREDIT,online_sales,Amazon marketplace,322193.22,retailer,"sale,peak_day"
TXN-F720E61B717D,2026-04-18T14:10:11,591.21,CREDIT,product_sales,Counter sale,322784.43,retailer,"sale,peak_day"
TXN-DD8A56322F9B,2026-04-18T14:12:18,757.91,CREDIT,product_sales,In-store sales,320805.16,retailer,"sale,peak_day"
TXN-F91D24625FCF,2026-04-18T14:33:34,259.49,CREDIT,returns_received,Return from vendor,307394.69,retailer,"sale,peak_day"
TXN-1B62EE2FF25F,2026-04-18T14:53:58,533.92,CREDIT,product_sales,Counter sale,314663.61,retailer,"sale,peak_day"
TXN-2CA08AAD59C4,2026-04-18T15:00:23,174.69,CREDIT,returns_received,Supplier credit note,319522.8,retailer,"sale,peak_day"
TXN-14C22672E53C,2026-04-18T15:13:26,10.0,CREDIT,bulk_order,Bulk purchase - B2B,315311.29,retailer,"sale,peak_day"
TXN-B3E43E27478F,2026-04-18T15:31:36,280.79,CREDIT,returns_received,Supplier credit note,308161.36,retailer,"sale,peak_day"
TXN-9DA9D91DA7AA,2026-04-18T15:39:09,363.06,CREDIT,returns_received,Return from vendor,316557.38,retailer,"sale,peak_day"
TXN-CAE24FE0D3B1,2026-04-18T15:59:16,782.06,CREDIT,bulk_order,Wholesale order,308943.42,retailer,"sale,peak_day"
TXN-0FD356EFD1F2,2026-04-18T16:39:42,477.62,CREDIT,bulk_order,Wholesale order,321386.52,retailer,"sale,peak_day"
TXN-0C83F90D976C,2026-04-18T16:49:00,85.72,DEBIT,inventory_purchase,Stock order #TXN-05FD,323186.58,retailer,"expense,inventory_order"
TXN-CE6706305830,2026-04-18T17:10:37,492.61,CREDIT,online_sales,Website checkout,314129.69,retailer,"sale,peak_day"
TXN-4076EBB30A5C,2026-04-18T17:31:25,451.84,CREDIT,bulk_order,Corporate purchase,312984.29,retailer,"sale,peak_day"
TXN-48DFCC4F90C8,2026-04-18T17:41:01,241.96,CREDIT,returns_received,Supplier credit note,305761.39,retailer,"sale,peak_day"
TXN-4E7357D1A7DC,2026-04-18T17:43:00,294.54,CREDIT,returns_received,Return from vendor,316851.92,retailer,"sale,peak_day"
TXN-48CC1333D176,2026-04-18T18:04:36,103.74,CREDIT,returns_received,Return from vendor,320908.9,retailer,"sale,peak_day"
TXN-DBA1AB142F00,2026-04-18T18:22:38,13.25,CREDIT,returns_received,Supplier credit note,318178.07,retailer,"sale,peak_day"
TXN-22AB3798CC2E,2026-04-18T18:44:03,422.83,CREDIT,bulk_order,Bulk purchase - B2B,310428.24,retailer,"sale,peak_day"
TXN-C6C6A0B69B10,2026-04-18T19:07:58,487.87,CREDIT,online_sales,Shopify order,323272.3,retailer,"sale,peak_day"
TXN-A385DE529739,2026-04-18T19:33:23,286.63,CREDIT,product_sales,In-store sales,313637.08,retailer,"sale,peak_day"
TXN-1733A02C5451,2026-04-18T19:36:55,420.82,CREDIT,returns_received,Supplier credit note,319348.11,retailer,"sale,peak_day"
TXN-2301AACE7665,2026-04-18T19:49:37,146.46,CREDIT,product_sales,Counter sale,305140.49,retailer,"sale,peak_day"
TXN-54FC8F1F02E8,2026-04-18T20:25:38,378.94,CREDIT,returns_received,Return from vendor,305519.43,retailer,"sale,peak_day"
TXN-7E134B269993,2026-04-19T08:22:30,477.8,CREDIT,product_sales,Counter sale,334926.75,retailer,"sale,peak_day"
TXN-C1D752F23344,2026-04-19T08:41:45,380.49,CREDIT,online_sales,Online cart,330589.86,retailer,"sale,peak_day"
TXN-6012B327FEE7,2026-04-19T08:44:30,184.55,CREDIT,product_sales,In-store sales,330209.37,retailer,"sale,peak_day"
TXN-0A21CDAA2BBC,2026-04-19T09:00:59,287.35,CREDIT,bulk_order,Wholesale order,325655.79,retailer,"sale,peak_day"
TXN-97F1785F3DE2,2026-04-19T09:54:16,717.13,CREDIT,returns_received,Return from vendor,335643.88,retailer,"sale,peak_day"
TXN-7CC66D1B91AD,2026-04-19T09:58:04,474.36,CREDIT,product_sales,Counter sale,343125.74,retailer,"sale,peak_day"
TXN-B50C64D99625,2026-04-19T11:01:13,314.55,CREDIT,product_sales,In-store sales,332213.68,retailer,"sale,peak_day"
TXN-628F41E7A1AB,2026-04-19T11:13:44,763.26,CREDIT,bulk_order,Corporate purchase,333734.28,retailer,"sale,peak_day"
TXN-699CDC0EC225,2026-04-19T11:45:51,652.2,CREDIT,product_sales,Walk-in customer,324856.1,retailer,"sale,peak_day"
TXN-92C3F039257B,2026-04-19T12:35:55,751.13,CREDIT,bulk_order,Corporate purchase,323937.71,retailer,"sale,peak_day"
TXN-C83CCD88FFAC,2026-04-19T12:57:49,506.12,CREDIT,product_sales,Counter sale,337694.81,retailer,"sale,peak_day"
TXN-AB2114323D1D,2026-04-19T13:04:00,995.88,DEBIT,logistics,Courier charges,340728.78,retailer,expense
TXN-81E8F9DE22F2,2026-04-19T13:06:57,379.08,CREDIT,returns_received,Return from vendor,342651.38,retailer,"sale,peak_day"
TXN-0936243E52BE,2026-04-19T13:12:47,528.49,CREDIT,returns_received,Supplier credit note,331745.68,retailer,"sale,peak_day"
TXN-C23939D18225,2026-04-19T13:41:13,408.92,CREDIT,returns_received,Return from vendor,330024.82,retailer,"sale,peak_day"
TXN-D466E467BC47,2026-04-19T13:52:52,849.7,CREDIT,product_sales,Counter sale,340971.56,retailer,"sale,peak_day"
TXN-BA948EC7453E,2026-04-19T14:00:43,625.79,CREDIT,bulk_order,Corporate purchase,327660.72,retailer,"sale,peak_day"
TXN-6624C202AD42,2026-04-19T14:01:10,469.09,CREDIT,bulk_order,Corporate purchase,342187.39,retailer,"sale,peak_day"
TXN-1B6A7DFD4166,2026-04-19T14:03:26,512.34,CREDIT,online_sales,Online cart,325368.44,retailer,"sale,peak_day"
TXN-05F74C0B2250,2026-04-19T14:07:48,639.75,CREDIT,product_sales,In-store sales,327034.93,retailer,"sale,peak_day"
TXN-70AD8A67E818,2026-04-19T14:25:32,610.58,CREDIT,returns_received,Return from vendor,338305.39,retailer,"sale,peak_day"
TXN-864076060173,2026-04-19T14:57:18,306.56,CREDIT,bulk_order,Wholesale order,329615.9,retailer,"sale,peak_day"
TXN-3F4F4C334087,2026-04-19T15:08:51,694.66,CREDIT,returns_received,Supplier credit note,339048.99,retailer,"sale,peak_day"
TXN-B9044A2883FA,2026-04-19T15:20:00,1401.08,DEBIT,marketing,Print marketing,341724.66,retailer,expense
TXN-BACB47FFB90D,2026-04-19T15:43:22,757.34,CREDIT,returns_received,Return from vendor,332971.02,retailer,"sale,peak_day"
TXN-95104A6E42D5,2026-04-19T15:44:52,48.94,CREDIT,online_sales,Website checkout,338354.33,retailer,"sale,peak_day"
TXN-93E4DBDAF38C,2026-04-19T16:23:52,591.38,CREDIT,returns_received,Return from vendor,339640.37,retailer,"sale,peak_day"
TXN-BDAFF739EAD9,2026-04-19T16:30:21,828.18,CREDIT,returns_received,Supplier credit note,329050.78,retailer,"sale,peak_day"
TXN-7DA5BF51280F,2026-04-19T16:32:36,617.29,CREDIT,returns_received,Return from vendor,336261.17,retailer,"sale,peak_day"
TXN-F975DB9D79E8,2026-04-19T17:00:44,714.67,CREDIT,returns_received,Return from vendor,334448.95,retailer,"sale,peak_day"
TXN-EA73AE12BA66,2026-04-19T17:11:18,266.19,CREDIT,bulk_order,Corporate purchase,324203.9,retailer,"sale,peak_day"
TXN-6CC55EB4F3B4,2026-04-19T17:33:24,227.15,CREDIT,online_sales,Website checkout,331217.19,retailer,"sale,peak_day"
TXN-43B937DA97C1,2026-04-19T17:39:19,84.91,CREDIT,returns_received,Return from vendor,342272.3,retailer,"sale,peak_day"
TXN-FAF527458E6A,2026-04-19T18:10:16,400.18,CREDIT,bulk_order,Corporate purchase,330990.04,retailer,"sale,peak_day"
TXN-C94BF9F20BC6,2026-04-19T18:45:00,467.57,CREDIT,product_sales,POS transaction,341718.3,retailer,"sale,peak_day"
TXN-E420CD6B131C,2026-04-19T19:31:59,279.17,CREDIT,product_sales,Counter sale,341250.73,retailer,"sale,peak_day"
TXN-A381FF42E989,2026-04-19T20:02:05,657.13,CREDIT,returns_received,Supplier credit note,337188.69,retailer,"sale,peak_day"
TXN-FA7A7F10CA7B,2026-04-19T20:15:38,153.45,CREDIT,returns_received,Return from vendor,331899.13,retailer,"sale,peak_day"
TXN-34EDB071A06C,2026-04-19T20:33:48,270.39,CREDIT,product_sales,In-store sales,336531.56,retailer,"sale,peak_day"
TXN-11EC1BC14EEF,2026-04-19T20:37:17,561.88,CREDIT,product_sales,Counter sale,328222.6,retailer,"sale,peak_day"
TXN-8A511AEFD606,2026-04-19T20:43:52,258.56,CREDIT,returns_received,Supplier credit note,329309.34,retailer,"sale,peak_day"
TXN-FF9D1A8C0453,2026-04-19T20:49:23,739.39,CREDIT,online_sales,Website checkout,326395.18,retailer,"sale,peak_day"
TXN-CFDFC9B8F580,2026-04-19T20:55:25,481.49,CREDIT,returns_received,Supplier credit note,340121.86,retailer,"sale,peak_day"
TXN-F8141A0CA77C,2026-04-20T08:08:52,400.93,CREDIT,online_sales,Online cart,341807.42,retailer,sale
TXN-CFB297B78FB7,2026-04-20T09:44:59,42.71,CREDIT,returns_received,Return from vendor,350482.42,retailer,sale
TXN-6658FE631966,2026-04-20T09:54:01,274.28,CREDIT,bulk_order,Bulk purchase - B2B,345030.98,retailer,sale
TXN-491DBF313091,2026-04-20T10:27:47,388.48,CREDIT,product_sales,In-store sales,345879.2,retailer,sale
TXN-517E09B38C2B,2026-04-20T11:36:09,57.48,CREDIT,online_sales,Online cart,347747.52,retailer,sale
TXN-2D3CB423B354,2026-04-20T11:41:38,401.47,CREDIT,online_sales,Online cart,346940.35,retailer,sale
TXN-DE5AA2810407,2026-04-20T12:21:47,677.71,CREDIT,returns_received,Supplier credit note,341406.49,retailer,sale
TXN-AA5A2CAA67FA,2026-04-20T12:22:35,598.0,CREDIT,online_sales,Website checkout,348345.52,retailer,sale
TXN-5A040EC60548,2026-04-20T13:26:31,19.91,CREDIT,bulk_order,Bulk purchase - B2B,346960.26,retailer,sale
TXN-E1440C256E1F,2026-04-20T15:03:00,693.07,DEBIT,inventory_purchase,Stock order #TXN-FA5C,349789.35,retailer,"expense,inventory_order"
TXN-2CE6E352768D,2026-04-20T15:17:40,678.88,CREDIT,product_sales,POS transaction,342486.3,retailer,sale
TXN-C9B88F5975F6,2026-04-20T15:29:13,570.64,CREDIT,product_sales,Counter sale,344511.17,retailer,sale
TXN-2AA75369A1C2,2026-04-20T15:56:01,833.16,CREDIT,online_sales,Online cart,343940.53,retailer,sale
TXN-6BB3DBB09955,2026-04-20T16:10:10,330.45,CREDIT,online_sales,Amazon marketplace,346538.88,retailer,sale
TXN-6C00397FA15C,2026-04-20T16:31:44,312.57,CREDIT,product_sales,Counter sale,350439.71,retailer,sale
TXN-DE72A2B18087,2026-04-20T16:34:45,245.53,CREDIT,returns_received,Supplier credit note,344756.7,retailer,sale
TXN-4A54C9BA143E,2026-04-20T16:42:18,459.74,CREDIT,product_sales,Counter sale,345490.72,retailer,sale
TXN-06E802DAB458,2026-04-20T17:39:33,189.21,CREDIT,returns_received,Return from vendor,349866.98,retailer,sale
TXN-15672E97C207,2026-04-20T17:41:05,94.52,CREDIT,product_sales,POS transaction,348440.04,retailer,sale
TXN-32238E247DA9,2026-04-20T18:02:04,413.13,CREDIT,returns_received,Supplier credit note,347690.04,retailer,sale
TXN-621E651F598A,2026-04-20T18:20:19,613.35,CREDIT,returns_received,Return from vendor,349053.39,retailer,sale
TXN-3D8028A58283,2026-04-20T18:23:00,260.16,CREDIT,online_sales,Online cart,350127.14,retailer,sale
TXN-9C107F448353,2026-04-20T18:25:25,624.38,CREDIT,online_sales,Amazon marketplace,349677.77,retailer,sale
TXN-9773C390F290,2026-04-20T18:58:07,316.65,CREDIT,online_sales,Amazon marketplace,347276.91,retailer,sale
TXN-051487AA6F5A,2026-04-20T19:41:49,186.85,CREDIT,bulk_order,Wholesale order,342673.15,retailer,sale
TXN-EF6501E978DD,2026-04-20T20:00:38,329.23,CREDIT,product_sales,POS transaction,346208.43,retailer,sale
TXN-DDDCBCF1D268,2026-04-20T20:23:30,434.22,CREDIT,returns_received,Return from vendor,343107.37,retailer,sale
TXN-D78A2F294215,2026-04-21T09:10:09,471.66,CREDIT,bulk_order,Bulk purchase - B2B,350261.01,retailer,sale
TXN-BB5A6C723D8C,2026-04-21T09:49:07,516.03,CREDIT,returns_received,Supplier credit note,357884.05,retailer,sale
TXN-1B43EE25D2F4,2026-04-21T10:49:31,654.46,CREDIT,product_sales,POS transaction,355721.76,retailer,sale
TXN-E627DCE460FB,2026-04-21T11:36:55,460.87,CREDIT,online_sales,Online cart,351320.31,retailer,sale
TXN-907C4044912F,2026-04-21T11:46:59,309.36,CREDIT,bulk_order,Bulk purchase - B2B,361511.27,retailer,sale
TXN-7ACF112FDF22,2026-04-21T11:47:12,363.3,CREDIT,bulk_order,Wholesale order,356085.06,retailer,sale
TXN-C63B0DAF738D,2026-04-21T12:02:17,458.53,CREDIT,returns_received,Supplier credit note,359486.27,retailer,sale
TXN-48E62665D013,2026-04-21T12:16:16,224.83,CREDIT,online_sales,Amazon marketplace,357368.02,retailer,sale
TXN-3FDE932610FC,2026-04-21T12:32:12,603.17,CREDIT,product_sales,Walk-in customer,361201.91,retailer,sale
TXN-5D519310CBB6,2026-04-21T12:52:15,224.3,CREDIT,returns_received,Return from vendor,350859.44,retailer,sale
TXN-64FF3DC06E59,2026-04-21T13:20:00,202.11,CREDIT,product_sales,In-store sales,359688.38,retailer,sale
TXN-ED27B5D2A439,2026-04-21T13:36:45,583.35,CREDIT,online_sales,Shopify order,351903.66,retailer,sale
TXN-E0DD06DC6E5E,2026-04-21T13:39:46,84.65,CREDIT,online_sales,Website checkout,356169.71,retailer,sale
TXN-3674AC191055,2026-04-21T13:49:24,461.63,CREDIT,returns_received,Supplier credit note,355067.3,retailer,sale
TXN-A35D2F81EA9C,2026-04-21T14:35:28,532.99,CREDIT,returns_received,Supplier credit note,353125.34,retailer,sale
TXN-6297D2A4018D,2026-04-21T14:49:00,1579.43,DEBIT,inventory_purchase,Stock order #TXN-6F7D,359931.84,retailer,"expense,inventory_order"
TXN-8A906E9E3B7D,2026-04-21T15:04:00,691.87,DEBIT,marketing,Google Ads,359239.97,retailer,expense
TXN-440EA6A445CD,2026-04-21T16:11:48,670.4,CREDIT,returns_received,Return from vendor,357143.19,retailer,sale
TXN-5126042D1DA8,2026-04-21T16:24:58,751.64,CREDIT,online_sales,Website checkout,359027.74,retailer,sale
TXN-64862E4EBDA9,2026-04-21T16:34:07,378.35,CREDIT,returns_received,Supplier credit note,353916.34,retailer,sale
TXN-EAE07961F1C3,2026-04-21T17:06:05,153.26,CREDIT,bulk_order,Corporate purchase,352592.35,retailer,sale
TXN-465D53C97B53,2026-04-21T17:08:50,392.05,CREDIT,returns_received,Supplier credit note,358276.1,retailer,sale
TXN-E7BC471080DE,2026-04-21T17:17:36,303.08,CREDIT,product_sales,Walk-in customer,356472.79,retailer,sale
TXN-A0CFA0187363,2026-04-21T17:19:56,719.76,CREDIT,online_sales,Website checkout,360408.14,retailer,sale
TXN-6367E4ABA39B,2026-04-21T17:39:07,338.74,CREDIT,product_sales,POS transaction,354605.67,retailer,sale
TXN-9AC4575C2391,2026-04-21T18:59:43,412.65,CREDIT,product_sales,Walk-in customer,353537.99,retailer,sale
TXN-7F21618AD5EF,2026-04-21T19:13:02,350.59,CREDIT,online_sales,Online cart,354266.93,retailer,sale
TXN-30572845C2CD,2026-04-21T19:56:55,535.43,CREDIT,online_sales,Website checkout,352439.09,retailer,sale
TXN-5C0FFB185289,2026-04-21T20:14:37,190.6,CREDIT,bulk_order,Corporate purchase,360598.74,retailer,sale
TXN-82008150DDE0,2026-04-21T20:19:12,374.13,CREDIT,bulk_order,Corporate purchase,350635.14,retailer,sale
TXN-4E6538C5D29F,2026-04-22T09:01:00,2131.53,DEBIT,inventory_purchase,Stock order #TXN-B6C3,358028.87,retailer,"expense,inventory_order"
TXN-51426C17A8A9,2026-04-22T20:42:11,920.43,CREDIT,returns_received,Supplier credit note,360160.4,retailer,sale
TXN-4517E45EB007,2026-04-23T08:19:43,206.62,CREDIT,bulk_order,Bulk purchase - B2B,361928.83,retailer,sale
TXN-A4B43CF89477,2026-04-23T08:45:58,508.5,CREDIT,online_sales,Online cart,362437.33,retailer,sale
TXN-EC417B6241A8,2026-04-23T08:50:49,238.57,CREDIT,online_sales,Amazon marketplace,367520.3,retailer,sale
TXN-149B8C6AAA94,2026-04-23T09:14:19,16.07,CREDIT,product_sales,In-store sales,363063.52,retailer,sale
TXN-87E4D2457A84,2026-04-23T09:51:00,1191.77,DEBIT,logistics,Shipping cost,367808.96,retailer,expense
TXN-9F2C4AE45078,2026-04-23T10:22:54,161.09,CREDIT,online_sales,Website checkout,361263.9,retailer,sale
TXN-FD4474FA6313,2026-04-23T11:13:44,459.58,CREDIT,product_sales,Walk-in customer,368599.07,retailer,sale
TXN-85F5D79EEF76,2026-04-23T11:37:55,283.82,CREDIT,bulk_order,Bulk purchase - B2B,360227.33,retailer,sale
TXN-21E98BD720B2,2026-04-23T11:57:47,331.57,CREDIT,online_sales,Amazon marketplace,367851.87,retailer,sale
TXN-3F5498C10EC4,2026-04-23T12:22:20,411.78,CREDIT,product_sales,POS transaction,363915.11,retailer,sale
TXN-0E549160ACF4,2026-04-23T12:37:13,248.61,CREDIT,returns_received,Return from vendor,364163.72,retailer,sale
TXN-FB31C14E54B6,2026-04-23T12:46:02,287.62,CREDIT,bulk_order,Bulk purchase - B2B,368139.49,retailer,sale
TXN-5BE9855956D7,2026-04-23T12:47:22,349.11,CREDIT,returns_received,Return from vendor,361102.81,retailer,sale
TXN-C9E056E9CDF5,2026-04-23T12:48:42,353.73,CREDIT,online_sales,Website checkout,364517.45,retailer,sale
TXN-5C4C10C83516,2026-04-23T13:24:37,694.2,CREDIT,online_sales,Amazon marketplace,365211.65,retailer,sale
TXN-750D2197CB11,2026-04-23T14:22:41,122.51,CREDIT,bulk_order,Bulk purchase - B2B,360349.84,retailer,sale
TXN-9A8D95597D2F,2026-04-23T15:22:36,458.31,CREDIT,online_sales,Online cart,361722.21,retailer,sale
TXN-E39863BFA111,2026-04-23T15:34:02,184.68,CREDIT,bulk_order,Bulk purchase - B2B,365396.33,retailer,sale
TXN-B2E352E99A42,2026-04-23T16:00:47,401.66,CREDIT,product_sales,Walk-in customer,369000.73,retailer,sale
TXN-B37FF8775167,2026-04-23T16:11:04,698.69,CREDIT,online_sales,Website checkout,359943.51,retailer,sale
TXN-13F0BD11F34D,2026-04-23T16:15:11,222.4,CREDIT,bulk_order,Wholesale order,363285.92,retailer,sale
TXN-F255610E5D9F,2026-04-23T16:34:39,435.99,CREDIT,product_sales,Counter sale,363047.45,retailer,sale
TXN-17DEE5B8C7DE,2026-04-23T16:44:53,174.13,CREDIT,bulk_order,Bulk purchase - B2B,362611.46,retailer,sale
TXN-3AE1FF1A3390,2026-04-23T16:51:53,294.83,CREDIT,returns_received,Supplier credit note,366480.48,retailer,sale
TXN-A7DB3A0A1F48,2026-04-23T16:55:36,403.86,CREDIT,bulk_order,Wholesale order,360753.7,retailer,sale
TXN-A7F40B39BCBB,2026-04-23T17:17:54,217.41,CREDIT,product_sales,POS transaction,363503.33,retailer,sale
TXN-381AF04D359D,2026-04-23T17:48:28,355.91,CREDIT,returns_received,Supplier credit note,365752.24,retailer,sale
TXN-69831E9E99AA,2026-04-23T17:59:02,801.25,CREDIT,returns_received,Return from vendor,367281.73,retailer,sale
TXN-0CE640E71955,2026-04-23T18:49:04,293.77,CREDIT,returns_received,Return from vendor,359244.82,retailer,sale
TXN-3C70F5F1141C,2026-04-23T19:08:18,399.91,CREDIT,bulk_order,Bulk purchase - B2B,358951.05,retailer,sale
TXN-174337A34FA9,2026-04-23T19:14:37,433.41,CREDIT,product_sales,POS transaction,366185.65,retailer,sale
TXN-4BF5C23F3019,2026-04-23T20:56:36,522.27,CREDIT,returns_received,Supplier credit note,358551.14,retailer,sale
TXN-CC71A9BA89BF,2026-04-24T08:11:22,778.56,CREDIT,returns_received,Return from vendor,374378.05,retailer,"sale,peak_day"
TXN-DEDD5AF2D574,2026-04-24T08:33:32,621.83,CREDIT,bulk_order,Bulk purchase - B2B,375759.47,retailer,"sale,peak_day"
TXN-0C85934FAB3B,2026-04-24T08:48:44,548.07,CREDIT,online_sales,Shopify order,371452.41,retailer,"sale,peak_day"
TXN-36B37BFF41DE,2026-04-24T09:18:00,843.5,DEBIT,utilities,Internet bill,373996.39,retailer,expense
TXN-9EFF1109F827,2026-04-24T09:19:29,606.56,CREDIT,online_sales,Amazon marketplace,368415.52,retailer,"sale,peak_day"
TXN-D9BE64AD032E,2026-04-24T09:48:34,588.48,CREDIT,online_sales,Website checkout,373599.49,retailer,"sale,peak_day"
TXN-5685AF3EBA09,2026-04-24T11:49:29,665.63,CREDIT,product_sales,Walk-in customer,370189.05,retailer,"sale,peak_day"
TXN-91D7E3F546C5,2026-04-24T12:07:20,27.53,CREDIT,product_sales,POS transaction,372084.22,retailer,"sale,peak_day"
TXN-7A8E9A754E01,2026-04-24T12:41:00,919.58,DEBIT,utilities,Internet bill,374839.89,retailer,expense
TXN-525E9A17354B,2026-04-24T14:30:16,448.77,CREDIT,product_sales,In-store sales,375137.64,retailer,"sale,peak_day"
TXN-D347E8DF318C,2026-04-24T15:27:09,604.28,CREDIT,bulk_order,Corporate purchase,372056.69,retailer,"sale,peak_day"
TXN-0B98162AE642,2026-04-24T15:32:24,328.52,CREDIT,product_sales,Counter sale,369523.42,retailer,"sale,peak_day"
TXN-32A45841449A,2026-04-24T16:31:56,114.35,CREDIT,product_sales,POS transaction,368529.87,retailer,"sale,peak_day"
TXN-C0C99A343A0D,2026-04-24T17:41:48,665.03,CREDIT,online_sales,Shopify order,369194.9,retailer,"sale,peak_day"
TXN-8F0789DA5B1D,2026-04-24T18:22:43,926.79,CREDIT,bulk_order,Bulk purchase - B2B,373011.01,retailer,"sale,peak_day"
TXN-378AF8557E1F,2026-04-24T18:28:59,310.82,CREDIT,bulk_order,Corporate purchase,374688.87,retailer,"sale,peak_day"
TXN-2F9C6F28E2AD,2026-04-24T20:27:58,715.29,CREDIT,bulk_order,Wholesale order,370904.34,retailer,"sale,peak_day"
TXN-3EF1EB05C108,2026-04-25T08:23:00,859.89,DEBIT,inventory_purchase,Stock order #TXN-90AC,375753.05,retailer,"expense,inventory_order"
TXN-381AEBF74078,2026-04-25T08:30:00,850.46,DEBIT,inventory_purchase,Stock order #TXN-7E4C,376612.94,retailer,"expense,inventory_order"
TXN-6DDEB9643B85,2026-04-25T08:46:36,361.65,CREDIT,online_sales,Website checkout,376164.36,retailer,"sale,peak_day"
TXN-B77AF0318074,2026-04-25T09:32:03,705.23,CREDIT,bulk_order,Corporate purchase,374701.62,retailer,"sale,peak_day"
TXN-E4059295F4D3,2026-04-25T10:25:05,312.78,CREDIT,bulk_order,Wholesale order,376477.14,retailer,"sale,peak_day"
TXN-2A442666F753,2026-04-25T12:32:00,990.66,DEBIT,maintenance,Plumbing repair,373274.27,retailer,expense
TXN-695FA41DA9DD,2026-04-25T13:37:01,459.94,CREDIT,returns_received,Return from vendor,375802.71,retailer,"sale,peak_day"
TXN-68C794F5FF50,2026-04-25T15:42:00,1488.12,DEBIT,marketing,Google Ads,374264.93,retailer,expense
TXN-FE5120856636,2026-04-25T16:30:09,641.15,CREDIT,returns_received,Return from vendor,375342.77,retailer,"sale,peak_day"
TXN-32F4ED72ACEE,2026-04-25T16:54:40,123.05,CREDIT,bulk_order,Bulk purchase - B2B,377463.4,retailer,"sale,peak_day"
TXN-A41CEC364696,2026-04-25T17:52:57,260.08,CREDIT,bulk_order,Corporate purchase,377340.35,retailer,"sale,peak_day"
TXN-1700FC92C507,2026-04-25T19:31:02,603.13,CREDIT,bulk_order,Wholesale order,377080.27,retailer,"sale,peak_day"
TXN-EE808EE52ADE,2026-04-26T08:15:47,576.55,CREDIT,product_sales,Counter sale,373850.82,retailer,"sale,peak_day"
TXN-E4048A765DFC,2026-04-26T09:17:32,438.31,CREDIT,product_sales,Walk-in customer,376105.95,retailer,"sale,peak_day"
TXN-9F1537D99DE7,2026-04-26T09:44:38,413.01,CREDIT,returns_received,Return from vendor,374263.83,retailer,"sale,peak_day"
TXN-86CEC6F7D0D5,2026-04-26T10:44:24,421.66,CREDIT,bulk_order,Wholesale order,377544.35,retailer,"sale,peak_day"
TXN-CFBDB7346F44,2026-04-26T10:45:00,1072.38,DEBIT,marketing,Print marketing,375996.53,retailer,expense
TXN-9F551B73E4E3,2026-04-26T10:46:34,589.29,CREDIT,bulk_order,Wholesale order,375667.64,retailer,"sale,peak_day"
TXN-A1795987E742,2026-04-26T13:27:11,352.25,CREDIT,online_sales,Shopify order,377122.69,retailer,"sale,peak_day"
TXN-7A01ECF3CDDB,2026-04-26T14:17:40,291.45,CREDIT,online_sales,Online cart,375078.35,retailer,"sale,peak_day"
TXN-279F0F927407,2026-04-26T14:37:14,523.07,CREDIT,online_sales,Website checkout,374786.9,retailer,"sale,peak_day"
TXN-A2C457012252,2026-04-26T18:19:00,475.44,DEBIT,inventory_purchase,Stock order #TXN-2896,377068.91,retailer,"expense,inventory_order"
TXN-08F84EF3CBD7,2026-04-26T18:53:26,664.49,CREDIT,online_sales,Online cart,376770.44,retailer,"sale,peak_day"
TXN-3C7ACAABC4B4,2026-04-27T08:10:25,317.49,CREDIT,bulk_order,Wholesale order,378038.27,retailer,sale
TXN-0779F3480605,2026-04-27T08:41:45,185.01,CREDIT,product_sales,Counter sale,382256.3,retailer,sale
TXN-C7E8B4B1549D,2026-04-27T09:20:29,530.02,CREDIT,online_sales,Website checkout,382786.32,retailer,sale
TXN-433CE223364B,2026-04-27T10:07:21,379.48,CREDIT,online_sales,Online cart,377440.89,retailer,sale
TXN-D94421277C04,2026-04-27T10:17:16,279.89,CREDIT,online_sales,Website checkout,377720.78,retailer,sale
TXN-1456ADDC1307,2026-04-27T11:07:00,203.61,DEBIT,utilities,Gas bill,382582.71,retailer,expense
TXN-E368B9621DFB,2026-04-27T12:02:17,789.63,CREDIT,bulk_order,Bulk purchase - B2B,378827.9,retailer,sale
TXN-CA573E0077D8,2026-04-27T12:47:00,563.31,DEBIT,inventory_purchase,Stock order #TXN-D1B4,380383.82,retailer,"expense,inventory_order"
TXN-EFBEAC113C16,2026-04-27T14:18:55,400.78,CREDIT,product_sales,POS transaction,380822.67,retailer,sale
TXN-29BBF2144E50,2026-04-27T14:34:01,329.16,CREDIT,online_sales,Amazon marketplace,381599.05,retailer,sale
TXN-D2427C3BD90D,2026-04-27T15:20:17,447.22,CREDIT,product_sales,Walk-in customer,381269.89,retailer,sale
TXN-DAF03DEFD489,2026-04-27T15:32:13,659.31,CREDIT,bulk_order,Corporate purchase,377061.41,retailer,sale
TXN-F2ADD69E0219,2026-04-27T17:01:00,231.4,DEBIT,maintenance,Plumbing repair,380947.13,retailer,expense
TXN-9B797AD1B7EA,2026-04-27T17:01:17,792.37,CREDIT,bulk_order,Corporate purchase,380421.89,retailer,sale
TXN-F8E99DE4748F,2026-04-27T17:44:24,436.48,CREDIT,product_sales,In-store sales,379629.52,retailer,sale
TXN-AE8782B403E2,2026-04-27T18:32:00,1404.18,DEBIT,logistics,Courier charges,381178.53,retailer,expense
TXN-5885CE88B739,2026-04-27T19:21:39,365.14,CREDIT,product_sales,In-store sales,379193.04,retailer,sale
TXN-732AB4A1F688,2026-04-27T20:32:04,472.24,CREDIT,bulk_order,Wholesale order,382071.29,retailer,sale
TXN-9DD66A7B2F0D,2026-04-27T20:37:11,405.57,CREDIT,online_sales,Shopify order,376402.1,retailer,sale
TXN-96F10B9B2697,2026-04-28T08:02:28,144.59,CREDIT,online_sales,Website checkout,382588.33,retailer,sale
TXN-5F63E139CD87,2026-04-28T09:00:00,509.65,DEBIT,utilities,Water bill,382647.03,retailer,expense
TXN-7BA03F2FD1EC,2026-04-28T09:10:15,241.06,CREDIT,bulk_order,Corporate purchase,381698.66,retailer,sale
TXN-D681B825D4F7,2026-04-28T11:03:26,293.24,CREDIT,product_sales,Walk-in customer,381991.9,retailer,sale
TXN-AA7F1326F8B4,2026-04-28T11:13:13,519.81,CREDIT,online_sales,Shopify order,384011.88,retailer,sale
TXN-056B12CD3AA1,2026-04-28T12:47:49,224.56,CREDIT,online_sales,Website checkout,382443.74,retailer,sale
TXN-8C941430D10A,2026-04-28T13:43:14,559.65,CREDIT,bulk_order,Corporate purchase,381382.62,retailer,sale
TXN-B4B0DFA5CB4F,2026-04-28T14:07:11,427.34,CREDIT,product_sales,POS transaction,383015.67,retailer,sale
TXN-F4C18D82FD58,2026-04-28T14:21:58,74.98,CREDIT,product_sales,POS transaction,381457.6,retailer,sale
TXN-DEAB5732732C,2026-04-28T15:05:14,227.28,CREDIT,online_sales,Website checkout,382219.18,retailer,sale
TXN-B0DEFB247BA7,2026-04-28T17:29:26,439.15,CREDIT,bulk_order,Bulk purchase - B2B,380822.97,retailer,sale
TXN-12DB4FBA40E4,2026-04-28T18:33:00,855.2,DEBIT,inventory_purchase,Stock order #TXN-388F,383156.68,retailer,"expense,inventory_order"
TXN-B2C707C44E2D,2026-04-28T19:02:53,70.56,CREDIT,bulk_order,Corporate purchase,383086.23,retailer,sale
TXN-7D2A80E40322,2026-04-28T19:09:26,405.84,CREDIT,returns_received,Return from vendor,383492.07,retailer,sale
TXN-86C79DBFC158,2026-04-29T08:19:42,261.64,CREDIT,online_sales,Amazon marketplace,385675.58,retailer,sale
TXN-0F9A4027F337,2026-04-29T08:20:56,260.96,CREDIT,product_sales,Counter sale,393533.22,retailer,sale
TXN-F92A338347A9,2026-04-29T09:00:10,50.92,CREDIT,bulk_order,Wholesale order,390695.47,retailer,sale
TXN-90C97E32977A,2026-04-29T09:11:51,713.38,CREDIT,returns_received,Supplier credit note,387762.33,retailer,sale
TXN-736CB8C25104,2026-04-29T09:18:35,406.64,CREDIT,bulk_order,Wholesale order,388381.74,retailer,sale
TXN-8F6B439E46F2,2026-04-29T09:26:25,267.34,CREDIT,returns_received,Supplier credit note,385413.94,retailer,sale
TXN-4E765BAF3A78,2026-04-29T09:43:00,540.77,DEBIT,utilities,Internet bill,397959.73,retailer,expense
TXN-90D12D5E6BB3,2026-04-29T09:50:35,338.71,CREDIT,bulk_order,Corporate purchase,389896.98,retailer,sale
TXN-AE52D725946C,2026-04-29T09:53:28,612.09,CREDIT,returns_received,Return from vendor,391307.56,retailer,sale
TXN-779ABC415ED2,2026-04-29T10:11:25,500.4,CREDIT,online_sales,Website checkout,384464.39,retailer,sale
TXN-19B8C58451D5,2026-04-29T10:17:28,490.6,CREDIT,returns_received,Supplier credit note,393272.26,retailer,sale
TXN-7A4BE517D34B,2026-04-29T10:32:42,394.22,CREDIT,bulk_order,Bulk purchase - B2B,383963.99,retailer,sale
TXN-C9177F3211E3,2026-04-29T10:46:35,273.62,CREDIT,product_sales,In-store sales,398500.5,retailer,sale
TXN-BB748D47D11F,2026-04-29T10:53:19,296.9,CREDIT,returns_received,Return from vendor,382943.93,retailer,sale
TXN-0EE241EF5A3E,2026-04-29T11:17:59,788.82,CREDIT,online_sales,Amazon marketplace,389558.27,retailer,sale
TXN-F2AF3ED69802,2026-04-29T11:26:28,387.71,CREDIT,product_sales,Counter sale,388769.45,retailer,sale
TXN-1A21AA0A8FDC,2026-04-29T11:42:35,484.44,CREDIT,bulk_order,Bulk purchase - B2B,386160.02,retailer,sale
TXN-80691BA2C7FA,2026-04-29T12:39:31,822.11,CREDIT,bulk_order,Corporate purchase,392129.67,retailer,sale
TXN-65BD1D2F9E63,2026-04-29T13:26:43,212.77,CREDIT,returns_received,Supplier credit note,387975.1,retailer,sale
TXN-50E116B05EF2,2026-04-29T13:47:13,473.08,CREDIT,returns_received,Return from vendor,394006.3,retailer,sale
TXN-7019BDA7B6C4,2026-04-29T14:10:31,321.63,CREDIT,bulk_order,Wholesale order,385146.6,retailer,sale
TXN-D40D14B6593C,2026-04-29T14:18:14,345.78,CREDIT,product_sales,POS transaction,395723.4,retailer,sale
TXN-D993BB7D646D,2026-04-29T14:34:05,360.58,CREDIT,product_sales,In-store sales,384824.97,retailer,sale
TXN-55632DF3B0AB,2026-04-29T14:35:47,690.2,CREDIT,bulk_order,Wholesale order,396413.6,retailer,sale
TXN-20A06C1CA3A0,2026-04-29T14:54:56,239.8,CREDIT,bulk_order,Bulk purchase - B2B,394246.1,retailer,sale
TXN-0BA1E6FACA07,2026-04-29T15:27:15,536.38,CREDIT,online_sales,Website checkout,395377.62,retailer,sale
TXN-A47C2DEB022D,2026-04-29T16:56:00,625.84,CREDIT,online_sales,Website checkout,383569.77,retailer,sale
TXN-E749DD3C1334,2026-04-29T16:59:54,352.21,CREDIT,online_sales,Website checkout,397456.87,retailer,sale
TXN-6350DD6C93AE,2026-04-29T17:18:46,518.45,CREDIT,product_sales,Counter sale,397975.32,retailer,sale
TXN-DC844CD365D0,2026-04-29T17:26:25,251.56,CREDIT,product_sales,Counter sale,398226.88,retailer,sale
TXN-252D95A9B667,2026-04-29T17:52:29,439.29,CREDIT,returns_received,Return from vendor,387048.95,retailer,sale
TXN-B7C4A303B9F5,2026-04-29T19:04:04,595.14,CREDIT,bulk_order,Wholesale order,394841.24,retailer,sale
TXN-5F7577EB0A4D,2026-04-29T19:35:31,76.33,CREDIT,returns_received,Supplier credit note,389973.31,retailer,sale
TXN-8317E67C15B4,2026-04-29T20:17:46,691.06,CREDIT,online_sales,Shopify order,397104.66,retailer,sale
TXN-B52A734BD30D,2026-04-29T20:32:54,671.24,CREDIT,returns_received,Return from vendor,390644.55,retailer,sale
TXN-9DB4AFF8A726,2026-04-29T20:35:54,651.99,CREDIT,online_sales,Online cart,392781.66,retailer,sale
TXN-1D072C0058FF,2026-04-29T20:58:57,449.64,CREDIT,returns_received,Supplier credit note,386609.66,retailer,sale
TXN-43507B80F04D,2026-04-30T08:24:57,403.76,CREDIT,product_sales,Walk-in customer,398363.49,retailer,sale
TXN-69757B52E773,2026-04-30T08:41:40,326.79,CREDIT,returns_received,Supplier credit note,408378.87,retailer,sale
TXN-D96B15C5CF30,2026-04-30T09:09:21,452.82,CREDIT,online_sales,Website checkout,404839.54,retailer,sale
TXN-44DE384391E3,2026-04-30T10:35:39,708.89,CREDIT,bulk_order,Wholesale order,402754.12,retailer,sale
TXN-56650B17A61A,2026-04-30T10:40:28,196.36,CREDIT,online_sales,Amazon marketplace,406017.73,retailer,sale
TXN-C4E02655AB1A,2026-04-30T10:50:06,589.27,CREDIT,online_sales,Amazon marketplace,400220.75,retailer,sale
TXN-2A8AB0214735,2026-04-30T10:58:15,323.57,CREDIT,online_sales,Website checkout,405163.11,retailer,sale
TXN-76EA648EEAD1,2026-04-30T11:29:14,329.29,CREDIT,returns_received,Supplier credit note,400832.92,retailer,sale
TXN-E3D0705724EA,2026-04-30T13:04:19,792.45,CREDIT,bulk_order,Wholesale order,399631.48,retailer,sale
TXN-418BE282E4B9,2026-04-30T13:10:00,881.89,DEBIT,inventory_purchase,Stock order #TXN-2AFD,406401.81,retailer,"expense,inventory_order"
TXN-81CBA51B13E3,2026-04-30T13:54:04,487.78,CREDIT,online_sales,Website checkout,404386.72,retailer,sale
TXN-22C65ADA2647,2026-04-30T13:57:27,396.24,CREDIT,returns_received,Return from vendor,408052.08,retailer,sale
TXN-16A29EBE96D3,2026-04-30T15:15:30,475.54,CREDIT,bulk_order,Bulk purchase - B2B,398839.03,retailer,sale
TXN-6786707D2CD5,2026-04-30T15:28:08,917.2,CREDIT,returns_received,Return from vendor,403671.32,retailer,sale
TXN-A06B7997AD48,2026-04-30T15:29:38,282.88,CREDIT,online_sales,Website checkout,400503.63,retailer,sale
TXN-42247D858AA1,2026-04-30T15:34:03,227.62,CREDIT,bulk_order,Bulk purchase - B2B,403898.94,retailer,sale
TXN-FDE4F56E2840,2026-04-30T15:48:25,702.5,CREDIT,online_sales,Shopify order,402045.23,retailer,sale
TXN-233C802A07CC,2026-04-30T16:11:30,633.38,CREDIT,returns_received,Supplier credit note,406651.11,retailer,sale
TXN-7481E16503EC,2026-04-30T16:22:26,843.98,CREDIT,online_sales,Amazon marketplace,409222.85,retailer,sale
TXN-15FE8B18A551,2026-04-30T16:51:00,1496.56,DEBIT,marketing,Google Ads,407283.7,retailer,expense
TXN-B35D8AF18AB6,2026-04-30T17:17:00,825.65,DEBIT,maintenance,AC servicing,408981.32,retailer,expense
TXN-0C54323A9461,2026-04-30T17:57:00,201.06,DEBIT,maintenance,Plumbing repair,408780.26,retailer,expense
TXN-6A63E01E2AE3,2026-04-30T18:08:48,658.26,CREDIT,bulk_order,Corporate purchase,405821.37,retailer,sale
TXN-8F82BB30226C,2026-04-30T19:17:51,509.81,CREDIT,returns_received,Supplier credit note,401342.73,retailer,sale
TXN-1DD43913A109,2026-04-30T19:41:57,503.58,CREDIT,online_sales,Shopify order,407154.69,retailer,sale
TXN-ADF91FFA3DED,2026-04-30T20:31:26,501.15,CREDIT,product_sales,Walk-in customer,407655.84,retailer,sale
TXN-2B24C8327219,2026-04-30T20:41:45,584.12,CREDIT,product_sales,Walk-in customer,409806.97,retailer,sale
TXN-A1103D0D1A4F,2026-05-01T04:17:00,2999.0,DEBIT,subscriptions,Shopify subscription,232561.3,retailer,"subscription,recurring"
TXN-BFB7663B920C,2026-05-01T08:00:53,292.53,CREDIT,returns_received,Return from vendor,233648.8,retailer,"sale,peak_day"
TXN-BFB962B6800C,2026-05-01T08:24:13,210.49,CREDIT,online_sales,Online cart,234941.24,retailer,"sale,peak_day"
TXN-5653F421A6D4,2026-05-01T08:37:40,93.89,CREDIT,product_sales,Walk-in customer,250728.1,retailer,"sale,peak_day"
TXN-31F7D55C0B6C,2026-05-01T08:52:50,642.27,CREDIT,online_sales,Amazon marketplace,235583.51,retailer,"sale,peak_day"
TXN-E1CCA7820AAE,2026-05-01T09:00:00,45409.94,DEBIT,rent,Rent - May 2026,360991.87,retailer,"recurring,fixed_cost"
TXN-E90179966C36,2026-05-01T09:23:46,554.23,CREDIT,bulk_order,Corporate purchase,242401.07,retailer,"sale,peak_day"
TXN-47F93F5B1441,2026-05-01T09:38:23,325.38,CREDIT,product_sales,In-store sales,231936.61,retailer,"sale,peak_day"
TXN-91F18EF9E6F6,2026-05-01T10:52:00,1089.25,DEBIT,marketing,Facebook Ads,249638.85,retailer,expense
TXN-24682512F77A,2026-05-01T10:53:41,426.27,CREDIT,online_sales,Shopify order,248692.65,retailer,"sale,peak_day"
TXN-61FC0D4AE738,2026-05-01T11:01:43,517.74,CREDIT,product_sales,POS transaction,244113.93,retailer,"sale,peak_day"
TXN-BCB6415E7369,2026-05-01T11:09:52,261.87,CREDIT,bulk_order,Wholesale order,232516.66,retailer,"sale,peak_day"
TXN-B9FFF74CDA7B,2026-05-01T11:10:29,453.01,CREDIT,returns_received,Supplier credit note,234101.81,retailer,"sale,peak_day"
TXN-951F1E859AA2,2026-05-01T11:16:53,564.84,CREDIT,product_sales,Counter sale,241631.0,retailer,"sale,peak_day"
TXN-F31F1D08B1B6,2026-05-01T11:18:21,506.83,CREDIT,returns_received,Return from vendor,229886.93,retailer,"sale,peak_day"
TXN-FECFA3D9C820,2026-05-01T11:21:12,265.63,CREDIT,returns_received,Return from vendor,232782.29,retailer,"sale,peak_day"
TXN-810E985DDC56,2026-05-01T11:26:00,665.42,DEBIT,maintenance,AC servicing,248973.43,retailer,expense
TXN-960328305D68,2026-05-01T11:34:58,293.27,CREDIT,product_sales,POS transaction,247596.51,retailer,"sale,peak_day"
TXN-5E7EB022E35F,2026-05-01T12:00:05,396.8,CREDIT,product_sales,In-store sales,245144.09,retailer,"sale,peak_day"
TXN-5BB7192639FC,2026-05-01T12:12:41,233.11,CREDIT,online_sales,Website checkout,230120.04,retailer,"sale,peak_day"
TXN-88390A4987C2,2026-05-01T12:45:09,436.69,CREDIT,online_sales,Online cart,238956.47,retailer,"sale,peak_day"
TXN-07FB2F6135E8,2026-05-01T12:55:56,94.29,CREDIT,online_sales,Website checkout,230763.21,retailer,"sale,peak_day"
TXN-BA4B64815D92,2026-05-01T13:20:01,659.28,CREDIT,returns_received,Return from vendor,238519.78,retailer,"sale,peak_day"
TXN-D3B534AF532B,2026-05-01T13:33:14,318.18,CREDIT,returns_received,Return from vendor,232254.79,retailer,"sale,peak_day"
TXN-B37A716C2CD9,2026-05-01T14:06:59,379.77,CREDIT,online_sales,Online cart,245952.93,retailer,"sale,peak_day"
TXN-0EFED3976EFB,2026-05-01T14:07:03,190.55,CREDIT,online_sales,Website checkout,244747.29,retailer,"sale,peak_day"
TXN-2F0669584854,2026-05-01T14:10:40,440.85,CREDIT,returns_received,Supplier credit note,236543.12,retailer,"sale,peak_day"
TXN-FA13E29E48DB,2026-05-01T14:23:03,237.68,CREDIT,online_sales,Shopify order,245573.16,retailer,"sale,peak_day"
TXN-746A6FD4600B,2026-05-01T14:28:04,488.75,CREDIT,returns_received,Return from vendor,249857.5,retailer,"sale,peak_day"
TXN-26D74C3361EA,2026-05-01T14:45:09,423.8,CREDIT,returns_received,Return from vendor,236966.92,retailer,"sale,peak_day"
TXN-A6650CAE3BF4,2026-05-01T14:58:33,414.18,CREDIT,product_sales,Walk-in customer,249106.83,retailer,"sale,peak_day"
TXN-49F2CD68DAEF,2026-05-01T15:07:18,293.04,CREDIT,product_sales,Counter sale,241066.16,retailer,"sale,peak_day"
TXN-B8ADCF01CC11,2026-05-01T15:10:25,377.81,CREDIT,online_sales,Online cart,237724.38,retailer,"sale,peak_day"
TXN-C8E2D7A30A1B,2026-05-01T15:11:24,261.92,CREDIT,returns_received,Return from vendor,249368.75,retailer,"sale,peak_day"
TXN-46BBBBBC2C2E,2026-05-01T15:16:06,462.15,CREDIT,bulk_order,Corporate purchase,247111.55,retailer,"sale,peak_day"
TXN-1CF718E1E0E5,2026-05-01T15:27:40,191.69,CREDIT,bulk_order,Bulk purchase - B2B,247303.24,retailer,"sale,peak_day"
TXN-A913FD7B2CEB,2026-05-01T15:31:03,465.22,CREDIT,returns_received,Return from vendor,240402.57,retailer,"sale,peak_day"
TXN-6BEF757CA500,2026-05-01T15:56:38,199.71,CREDIT,bulk_order,Bulk purchase - B2B,234730.75,retailer,"sale,peak_day"
TXN-C220350F47B3,2026-05-01T16:43:19,379.65,CREDIT,bulk_order,Wholesale order,237346.57,retailer,"sale,peak_day"
TXN-E0F753A2AB4A,2026-05-01T16:52:03,531.5,CREDIT,returns_received,Supplier credit note,239937.35,retailer,"sale,peak_day"
TXN-408C2FD6B504,2026-05-01T17:29:55,191.39,CREDIT,product_sales,Counter sale,245335.48,retailer,"sale,peak_day"
TXN-54524F82E3DA,2026-05-01T17:31:05,136.12,CREDIT,product_sales,POS transaction,237860.5,retailer,"sale,peak_day"
TXN-620EF2D60F91,2026-05-01T17:51:30,264.83,CREDIT,bulk_order,Bulk purchase - B2B,243596.19,retailer,"sale,peak_day"
TXN-F044E5BC8DBE,2026-05-01T18:13:05,573.98,CREDIT,product_sales,In-store sales,233356.27,retailer,"sale,peak_day"
TXN-54648F70A534,2026-05-01T18:14:21,212.13,CREDIT,bulk_order,Corporate purchase,242866.69,retailer,"sale,peak_day"
TXN-3F4E69EE2EFD,2026-05-01T18:28:12,253.49,CREDIT,product_sales,POS transaction,242654.56,retailer,"sale,peak_day"
TXN-12D8A0D6AB22,2026-05-01T18:37:22,316.8,CREDIT,bulk_order,Wholesale order,229380.1,retailer,"sale,peak_day"
TXN-7147559D31F0,2026-05-01T18:50:24,548.88,CREDIT,product_sales,Counter sale,230668.92,retailer,"sale,peak_day"
TXN-2E848C69EF0C,2026-05-01T18:50:53,696.47,CREDIT,returns_received,Return from vendor,246649.4,retailer,"sale,peak_day"
TXN-2C0BB3937916,2026-05-01T19:01:07,647.64,CREDIT,online_sales,Online cart,231611.23,retailer,"sale,peak_day"
TXN-CB720B8AABE8,2026-05-01T19:14:56,669.87,CREDIT,bulk_order,Corporate purchase,248266.38,retailer,"sale,peak_day"
TXN-1DAE671A5099,2026-05-01T19:19:11,215.84,CREDIT,product_sales,Counter sale,241846.84,retailer,"sale,peak_day"
TXN-AFEA1255CB24,2026-05-01T19:42:42,518.76,CREDIT,bulk_order,Bulk purchase - B2B,236102.27,retailer,"sale,peak_day"
TXN-0177C1C994E0,2026-05-01T19:59:41,449.38,CREDIT,online_sales,Amazon marketplace,239405.85,retailer,"sale,peak_day"
TXN-10038557941F,2026-05-01T20:10:21,370.55,CREDIT,product_sales,Walk-in customer,240773.12,retailer,"sale,peak_day"
TXN-9DB1D7E6E9DE,2026-05-01T20:13:36,776.71,CREDIT,product_sales,In-store sales,250634.21,retailer,"sale,peak_day"
TXN-9A5523ADF480,2026-05-01T20:20:05,429.23,CREDIT,bulk_order,Bulk purchase - B2B,234531.04,retailer,"sale,peak_day"
TXN-EFA3F95060E8,2026-05-01T20:31:09,200.38,CREDIT,returns_received,Return from vendor,230963.59,retailer,"sale,peak_day"
TXN-B4D73AA790A0,2026-05-01T20:44:44,464.67,CREDIT,bulk_order,Bulk purchase - B2B,243331.36,retailer,"sale,peak_day"
TXN-E74FFD151659,2026-05-01T20:52:37,442.81,CREDIT,product_sales,Counter sale,244556.74,retailer,"sale,peak_day"
TXN-9802F75E3D82,2026-05-05T10:18:00,1822.83,DEBIT,pos_fees,Pos Fees - May 2026,235560.3,retailer,"recurring,fixed_cost"
TXN-060B884B3A11,2026-05-10T06:37:00,1499.0,DEBIT,subscriptions,QuickBooks subscription,231062.3,retailer,"subscription,recurring"
TXN-9A7A9A27A899,2026-05-15T09:22:00,3434.07,DEBIT,insurance,Insurance - May 2026,237383.13,retailer,"recurring,fixed_cost"
TXN-66270697390D,2026-05-20T00:54:00,799.0,DEBIT,subscriptions,Slack subscription,230263.3,retailer,"subscription,recurring"
TXN-87015A1FC2A4,2026-05-25T00:17:00,1200.0,DEBIT,subscriptions,Google Workspace subscription,229063.3,retailer,"subscription,recurring"
TXN-CBAAE229A858,2026-05-28T09:37:00,120174.67,DEBIT,salaries,Salaries - May 2026,240817.2,retailer,"recurring,fixed_cost"
TXN-E2E861D8C231,2026-05-02T08:43:17,452.04,CREDIT,bulk_order,Corporate purchase,253723.24,retailer,"sale,peak_day"
TXN-7049214C0C1C,2026-05-02T09:32:14,471.21,CREDIT,product_sales,Counter sale,257008.79,retailer,"sale,peak_day"
TXN-5171D4C1592E,2026-05-02T09:45:14,769.63,CREDIT,returns_received,Return from vendor,252707.36,retailer,"sale,peak_day"
TXN-B70A63635E02,2026-05-02T10:15:55,462.39,CREDIT,returns_received,Supplier credit note,251937.73,retailer,"sale,peak_day"
TXN-406944DFC92E,2026-05-02T10:21:53,202.57,CREDIT,returns_received,Supplier credit note,251475.34,retailer,"sale,peak_day"
TXN-C2BE0993435F,2026-05-02T10:29:40,584.83,CREDIT,product_sales,POS transaction,254466.21,retailer,"sale,peak_day"
TXN-2650E8887FF4,2026-05-02T10:30:09,824.72,CREDIT,online_sales,Shopify order,260076.06,retailer,"sale,peak_day"
TXN-B7A3962B50A2,2026-05-02T10:36:00,1332.17,DEBIT,maintenance,Plumbing repair,258743.89,retailer,expense
TXN-5F8BA3CAD395,2026-05-02T11:17:00,1966.14,DEBIT,marketing,Facebook Ads,256777.75,retailer,expense
TXN-9E98806440E7,2026-05-02T11:23:22,464.41,CREDIT,returns_received,Supplier credit note,250665.81,retailer,"sale,peak_day"
TXN-3A843527E86C,2026-05-02T13:19:27,158.14,CREDIT,online_sales,Website checkout,253881.38,retailer,"sale,peak_day"
TXN-030C721784F3,2026-05-02T15:03:03,507.81,CREDIT,product_sales,In-store sales,256537.58,retailer,"sale,peak_day"
TXN-4B01DA26CC79,2026-05-02T15:16:38,873.23,CREDIT,online_sales,Amazon marketplace,249846.66,retailer,"sale,peak_day"
TXN-713B8902EA18,2026-05-02T15:21:54,515.94,CREDIT,online_sales,Online cart,251272.77,retailer,"sale,peak_day"
TXN-305C54566C3B,2026-05-02T16:08:04,563.84,CREDIT,online_sales,Website checkout,253271.2,retailer,"sale,peak_day"
TXN-FE4FD52E3320,2026-05-02T16:16:34,403.26,CREDIT,bulk_order,Wholesale order,254869.47,retailer,"sale,peak_day"
TXN-494195EE7E59,2026-05-02T16:35:00,145.33,DEBIT,marketing,Google Ads,256632.42,retailer,expense
TXN-E960F4668CA5,2026-05-02T16:41:21,91.02,CREDIT,product_sales,Walk-in customer,250756.83,retailer,"sale,peak_day"
TXN-F2A8FE1580EB,2026-05-02T16:50:50,658.14,CREDIT,product_sales,Counter sale,258455.19,retailer,"sale,peak_day"
TXN-3E73F5FB029F,2026-05-02T17:37:33,354.74,CREDIT,returns_received,Supplier credit note,250201.4,retailer,"sale,peak_day"
TXN-7FB00136479C,2026-05-02T18:56:10,447.05,CREDIT,bulk_order,Wholesale order,256029.77,retailer,"sale,peak_day"
TXN-2789D194D916,2026-05-02T19:03:12,241.77,CREDIT,bulk_order,Wholesale order,257250.56,retailer,"sale,peak_day"
TXN-C41793203C42,2026-05-02T19:36:17,713.25,CREDIT,product_sales,In-store sales,255582.72,retailer,"sale,peak_day"
TXN-C1C8E2D9E5FA,2026-05-02T19:48:57,796.15,CREDIT,online_sales,Website checkout,259251.34,retailer,"sale,peak_day"
TXN-B882B41C189B,2026-05-02T20:49:55,546.49,CREDIT,product_sales,In-store sales,257797.05,retailer,"sale,peak_day"
TXN-51D8C35298BE,2026-05-03T08:16:18,364.83,CREDIT,returns_received,Return from vendor,260835.34,retailer,"sale,peak_day"
TXN-A245BDF0AA75,2026-05-03T08:40:00,1516.81,DEBIT,maintenance,Equipment maintenance,268887.4,retailer,expense
TXN-C2144CAC2347,2026-05-03T08:52:51,603.76,CREDIT,returns_received,Supplier credit note,257656.85,retailer,"sale,peak_day"
TXN-CBC29A778FEE,2026-05-03T09:45:16,622.56,CREDIT,returns_received,Return from vendor,268057.77,retailer,"sale,peak_day"
TXN-C57861496E08,2026-05-03T10:04:32,352.82,CREDIT,returns_received,Supplier credit note,264767.58,retailer,"sale,peak_day"
TXN-D64463D5A1A5,2026-05-03T10:40:46,334.11,CREDIT,online_sales,Website checkout,269784.42,retailer,"sale,peak_day"
TXN-E578ED482413,2026-05-03T10:52:06,417.83,CREDIT,bulk_order,Bulk purchase - B2B,263377.59,retailer,"sale,peak_day"
TXN-0A69FE9FF529,2026-05-03T10:54:02,207.6,CREDIT,product_sales,In-store sales,270617.55,retailer,"sale,peak_day"
TXN-4E862E4DB061,2026-05-03T11:13:46,198.93,CREDIT,returns_received,Return from vendor,264140.41,retailer,"sale,peak_day"
TXN-2A37AD719FC7,2026-05-03T11:31:18,284.01,CREDIT,bulk_order,Wholesale order,256916.43,retailer,"sale,peak_day"
TXN-5C40AA2F0101,2026-05-03T11:34:06,231.4,CREDIT,online_sales,Website checkout,267435.21,retailer,"sale,peak_day"
TXN-E189FBBE4309,2026-05-03T11:38:28,365.36,CREDIT,product_sales,In-store sales,266735.75,retailer,"sale,peak_day"
TXN-1C03F6AE5797,2026-05-03T11:45:00,555.47,CREDIT,product_sales,POS transaction,260470.51,retailer,"sale,peak_day"
TXN-14356CD3F7C1,2026-05-03T11:49:09,68.89,CREDIT,product_sales,POS transaction,267203.81,retailer,"sale,peak_day"
TXN-F4D6027D260C,2026-05-03T11:55:46,297.39,CREDIT,product_sales,POS transaction,268918.66,retailer,"sale,peak_day"
TXN-5B818378FF06,2026-05-03T12:08:35,311.62,CREDIT,product_sales,Walk-in customer,270409.95,retailer,"sale,peak_day"
TXN-9DD04251AED7,2026-05-03T12:35:45,320.55,CREDIT,bulk_order,Wholesale order,261584.55,retailer,"sale,peak_day"
TXN-8F33E478CDA6,2026-05-03T13:08:51,419.5,CREDIT,returns_received,Return from vendor,258582.41,retailer,"sale,peak_day"
TXN-8E627DC82651,2026-05-03T13:23:33,109.99,CREDIT,bulk_order,Wholesale order,263941.48,retailer,"sale,peak_day"
TXN-6C1E29FFAB4D,2026-05-03T13:27:52,414.5,CREDIT,bulk_order,Wholesale order,259915.04,retailer,"sale,peak_day"
TXN-925A0C2948A1,2026-05-03T13:46:00,1418.94,DEBIT,inventory_purchase,Stock order #TXN-266E,270404.21,retailer,"expense,inventory_order"
TXN-F55C56E9B46E,2026-05-03T14:06:41,448.86,CREDIT,bulk_order,Bulk purchase - B2B,259500.54,retailer,"sale,peak_day"
TXN-B7E35AC6678C,2026-05-03T14:17:23,399.17,CREDIT,returns_received,Supplier credit note,267134.92,retailer,"sale,peak_day"
TXN-77B470006EA6,2026-05-03T14:32:00,580.06,DEBIT,maintenance,Equipment maintenance,268307.34,retailer,expense
TXN-C92A09059C45,2026-05-03T15:09:23,313.91,CREDIT,online_sales,Online cart,270098.33,retailer,"sale,peak_day"
TXN-77C12BDD3C59,2026-05-03T15:51:01,860.9,CREDIT,returns_received,Return from vendor,271478.45,retailer,"sale,peak_day"
TXN-FE428A003852,2026-05-03T16:43:34,687.88,CREDIT,online_sales,Online cart,265455.46,retailer,"sale,peak_day"
TXN-42FF9600194E,2026-05-03T17:02:51,914.93,CREDIT,product_sales,In-store sales,266370.39,retailer,"sale,peak_day"
TXN-1166E4B51C82,2026-05-03T17:13:29,274.35,CREDIT,online_sales,Amazon marketplace,264414.76,retailer,"sale,peak_day"
TXN-73DBCA512C25,2026-05-03T17:14:03,453.9,CREDIT,online_sales,Shopify order,263831.49,retailer,"sale,peak_day"
TXN-D5B61424525E,2026-05-03T17:16:34,344.7,CREDIT,returns_received,Return from vendor,271823.15,retailer,"sale,peak_day"
TXN-A72702BD37FD,2026-05-03T17:38:53,136.66,CREDIT,product_sales,In-store sales,257053.09,retailer,"sale,peak_day"
TXN-A25F73B7BF2F,2026-05-03T17:56:41,531.65,CREDIT,bulk_order,Bulk purchase - B2B,269450.31,retailer,"sale,peak_day"
TXN-35E10AFA312E,2026-05-03T18:13:35,563.5,CREDIT,returns_received,Supplier credit note,268621.27,retailer,"sale,peak_day"
TXN-32AA55278D23,2026-05-03T18:56:27,469.27,CREDIT,returns_received,Return from vendor,259051.68,retailer,"sale,peak_day"
TXN-FB386CB90511,2026-05-03T19:35:01,428.66,CREDIT,bulk_order,Bulk purchase - B2B,261264.0,retailer,"sale,peak_day"
TXN-390408FFCF2D,2026-05-03T19:47:52,489.53,CREDIT,returns_received,Return from vendor,262074.08,retailer,"sale,peak_day"
TXN-CE63A590E6BE,2026-05-03T20:37:48,885.68,CREDIT,bulk_order,Bulk purchase - B2B,262959.76,retailer,"sale,peak_day"
TXN-5DAC45A50CF8,2026-05-03T20:38:19,506.06,CREDIT,bulk_order,Wholesale order,258162.91,retailer,"sale,peak_day"
TXN-0763BB2495C1,2026-05-04T10:09:00,156.7,DEBIT,utilities,Water bill,266528.7,retailer,expense
TXN-D797FFD98558,2026-05-04T17:42:00,1572.11,DEBIT,utilities,Internet bill,266685.4,retailer,expense
TXN-F2C538F8CF58,2026-05-04T18:43:00,108.12,DEBIT,inventory_purchase,Stock order #TXN-3993,268257.51,retailer,"expense,inventory_order"
TXN-2CAA9A6DB8F1,2026-05-04T19:17:59,58.29,CREDIT,bulk_order,Bulk purchase - B2B,268365.63,retailer,sale
TXN-5887AA38486C,2026-05-05T09:25:33,385.97,CREDIT,online_sales,Amazon marketplace,269780.48,retailer,sale
TXN-9745348BD280,2026-05-05T10:33:31,109.45,CREDIT,product_sales,Counter sale,273869.2,retailer,sale
TXN-431C1C07A7EC,2026-05-05T10:57:00,617.47,DEBIT,utilities,Electricity bill,272244.52,retailer,expense
TXN-5952FCFBA3B7,2026-05-05T11:05:02,230.72,CREDIT,bulk_order,Wholesale order,272540.69,retailer,sale
TXN-0FB05F082964,2026-05-05T11:14:28,653.84,CREDIT,online_sales,Online cart,268922.13,retailer,sale
TXN-AAA14BF80B65,2026-05-05T11:29:49,288.03,CREDIT,bulk_order,Wholesale order,274157.23,retailer,sale
TXN-A49E52460C66,2026-05-05T12:12:46,241.77,CREDIT,returns_received,Supplier credit note,271119.85,retailer,sale
TXN-571D76538B0D,2026-05-05T12:39:00,2310.28,DEBIT,marketing,Google Ads,272861.99,retailer,expense
TXN-2951A6BFEBB2,2026-05-05T12:56:15,159.71,CREDIT,product_sales,In-store sales,269940.19,retailer,sale
TXN-39409D25B4BD,2026-05-05T13:33:32,580.86,CREDIT,bulk_order,Wholesale order,271700.71,retailer,sale
TXN-AD0F45A63AE5,2026-05-05T13:46:20,424.53,CREDIT,product_sales,In-store sales,268268.29,retailer,sale
TXN-016F1E48E0D6,2026-05-05T14:08:38,437.84,CREDIT,returns_received,Return from vendor,269383.13,retailer,sale
TXN-14C9CD0E4162,2026-05-05T15:05:28,409.83,CREDIT,product_sales,POS transaction,266938.53,retailer,sale
TXN-AC276BA04912,2026-05-05T15:29:22,10.0,CREDIT,returns_received,Return from vendor,275172.27,retailer,sale
TXN-5E11BF7F5772,2026-05-05T15:46:26,640.97,CREDIT,returns_received,Return from vendor,270878.08,retailer,sale
TXN-4C2A7302147B,2026-05-05T16:05:49,604.97,CREDIT,product_sales,Counter sale,274762.2,retailer,sale
TXN-2B42E6307C38,2026-05-05T16:14:12,400.07,CREDIT,returns_received,Return from vendor,275162.27,retailer,sale
TXN-7FFF86D6B333,2026-05-05T17:16:58,11.38,CREDIT,online_sales,Amazon marketplace,269394.51,retailer,sale
TXN-7333A421917F,2026-05-05T17:30:47,730.08,CREDIT,bulk_order,Bulk purchase - B2B,273270.77,retailer,sale
TXN-7B69393979EA,2026-05-05T17:58:08,308.61,CREDIT,bulk_order,Bulk purchase - B2B,267843.76,retailer,sale
TXN-7A216BA30C21,2026-05-05T18:15:54,596.62,CREDIT,product_sales,In-store sales,267535.15,retailer,sale
TXN-FA3F613E549E,2026-05-05T18:49:34,296.92,CREDIT,product_sales,In-store sales,270237.11,retailer,sale
TXN-5DCDF9CE87F0,2026-05-05T19:21:31,488.98,CREDIT,online_sales,Shopify order,273759.75,retailer,sale
TXN-003E4B75257B,2026-05-05T19:38:20,23.16,CREDIT,returns_received,Supplier credit note,268945.29,retailer,sale
TXN-75E32CD3F344,2026-05-05T19:38:44,221.01,CREDIT,bulk_order,Bulk purchase - B2B,271921.72,retailer,sale
TXN-ADF38078F489,2026-05-05T20:58:18,388.25,CREDIT,returns_received,Return from vendor,272309.97,retailer,sale
TXN-49B76D024CD1,2026-05-06T08:00:01,58.02,CREDIT,bulk_order,Wholesale order,280067.5,retailer,sale
TXN-4B53D85EC01F,2026-05-06T08:53:06,425.65,CREDIT,online_sales,Amazon marketplace,274379.8,retailer,sale
TXN-D462DFA90CB5,2026-05-06T10:39:00,265.22,DEBIT,utilities,Gas bill,280444.19,retailer,expense
TXN-A2989236D8A1,2026-05-06T10:41:47,514.46,CREDIT,bulk_order,Bulk purchase - B2B,281391.4,retailer,sale
TXN-21095EA3AB39,2026-05-06T10:58:26,480.39,CREDIT,returns_received,Return from vendor,273954.15,retailer,sale
TXN-56E0D7E1573E,2026-05-06T11:11:16,675.53,CREDIT,online_sales,Online cart,276527.98,retailer,sale
TXN-32410E5DA3F3,2026-05-06T11:50:47,671.1,CREDIT,online_sales,Online cart,280009.48,retailer,sale
TXN-F521729D87DE,2026-05-06T11:51:09,493.99,CREDIT,product_sales,In-store sales,275208.97,retailer,sale
TXN-A4C0400B0990,2026-05-06T12:44:17,799.72,CREDIT,returns_received,Return from vendor,279338.38,retailer,sale
TXN-74B2B8FB63AE,2026-05-06T12:58:00,681.99,DEBIT,maintenance,Equipment maintenance,280709.41,retailer,expense
TXN-BED0541E96D7,2026-05-06T13:06:46,335.18,CREDIT,returns_received,Supplier credit note,274714.98,retailer,sale
TXN-EE960168038E,2026-05-06T13:23:00,1231.86,DEBIT,marketing,Google Ads,279212.33,retailer,expense
TXN-D0242EBAA9CD,2026-05-06T15:45:34,643.48,CREDIT,bulk_order,Corporate purchase,275852.45,retailer,sale
TXN-C304DE0CB056,2026-05-06T15:58:04,610.23,CREDIT,product_sales,Counter sale,278538.66,retailer,sale
TXN-315D9D2A3FEF,2026-05-06T16:30:04,452.73,CREDIT,bulk_order,Corporate purchase,280876.94,retailer,sale
TXN-5657DD4E6FC9,2026-05-06T17:01:04,357.35,CREDIT,online_sales,Amazon marketplace,272601.87,retailer,sale
TXN-43F476FFB3F5,2026-05-06T17:06:47,869.36,CREDIT,returns_received,Return from vendor,277397.34,retailer,sale
TXN-AF7299F39A56,2026-05-06T17:46:28,871.89,CREDIT,online_sales,Online cart,273473.76,retailer,sale
TXN-3155C4064788,2026-05-06T17:48:14,356.71,CREDIT,online_sales,Amazon marketplace,280424.21,retailer,sale
TXN-2A0DD7B3EF81,2026-05-06T18:47:17,531.09,CREDIT,returns_received,Supplier credit note,277928.43,retailer,sale
TXN-4D00362660FD,2026-05-07T08:13:29,655.77,CREDIT,product_sales,Counter sale,282192.5,retailer,sale
TXN-E6FCDF8FB495,2026-05-07T09:24:41,310.79,CREDIT,product_sales,POS transaction,279523.12,retailer,sale
TXN-F5B1BB9D3A8C,2026-05-07T09:43:10,475.39,CREDIT,bulk_order,Wholesale order,279998.51,retailer,sale
TXN-1DD0B08847E3,2026-05-07T12:32:53,139.4,CREDIT,returns_received,Supplier credit note,281127.46,retailer,sale
TXN-E90A181E1E43,2026-05-07T12:54:30,560.88,CREDIT,online_sales,Shopify order,280559.39,retailer,sale
TXN-259E75395828,2026-05-07T13:27:00,737.67,DEBIT,inventory_purchase,Stock order #TXN-F78F,280374.14,retailer,"expense,inventory_order"
TXN-55079B05A8CF,2026-05-07T15:12:00,438.1,DEBIT,marketing,Print marketing,281111.81,retailer,expense
TXN-03D74781F081,2026-05-07T17:29:00,279.96,DEBIT,logistics,Courier charges,281549.91,retailer,expense
TXN-F3EB1253120B,2026-05-07T17:47:00,362.63,DEBIT,maintenance,AC servicing,281829.87,retailer,expense
TXN-616F9AC8150E,2026-05-07T18:42:37,428.67,CREDIT,bulk_order,Corporate purchase,280988.06,retailer,sale
TXN-309BFDC5E73A,2026-05-07T19:00:41,409.27,CREDIT,online_sales,Amazon marketplace,281536.73,retailer,sale
TXN-54D7404E41D2,2026-05-08T08:03:59,535.54,CREDIT,online_sales,Online cart,283756.29,retailer,"sale,peak_day"
TXN-EDB986F09C98,2026-05-08T08:29:19,140.91,CREDIT,bulk_order,Wholesale order,292715.6,retailer,"sale,peak_day"
TXN-E73E04B95BBD,2026-05-08T08:45:13,732.47,CREDIT,returns_received,Return from vendor,286382.77,retailer,"sale,peak_day"
TXN-8AAE1FA86C59,2026-05-08T08:51:06,396.45,CREDIT,bulk_order,Bulk purchase - B2B,288720.3,retailer,"sale,peak_day"
TXN-7BDEB8B29FD0,2026-05-08T08:53:19,451.77,CREDIT,bulk_order,Wholesale order,294108.02,retailer,"sale,peak_day"
TXN-C664BF668F9F,2026-05-08T09:28:16,151.29,CREDIT,online_sales,Online cart,287794.77,retailer,"sale,peak_day"
TXN-838C556E4DAB,2026-05-08T09:46:04,530.46,CREDIT,online_sales,Website checkout,284286.75,retailer,"sale,peak_day"
TXN-E89923C9EE22,2026-05-08T09:56:15,297.2,CREDIT,returns_received,Supplier credit note,289140.79,retailer,"sale,peak_day"
TXN-83CC9600C301,2026-05-08T10:05:05,517.58,CREDIT,returns_received,Supplier credit note,282837.0,retailer,"sale,peak_day"
TXN-0A61B173C571,2026-05-08T10:17:32,405.71,CREDIT,product_sales,Counter sale,284994.5,retailer,"sale,peak_day"
TXN-5ACB4B719CA4,2026-05-08T10:45:06,215.64,CREDIT,product_sales,Walk-in customer,290963.59,retailer,"sale,peak_day"
TXN-57912BFA084F,2026-05-08T11:06:08,113.56,CREDIT,bulk_order,Wholesale order,290357.5,retailer,"sale,peak_day"
TXN-6561D7CDAEC2,2026-05-08T11:23:18,651.34,CREDIT,returns_received,Return from vendor,291614.93,retailer,"sale,peak_day"
TXN-E9A7048301A2,2026-05-08T11:28:31,218.49,CREDIT,bulk_order,Corporate purchase,287643.48,retailer,"sale,peak_day"
TXN-CD3188DB06FF,2026-05-08T11:43:05,239.46,CREDIT,returns_received,Supplier credit note,289804.68,retailer,"sale,peak_day"
TXN-78381A4D61F1,2026-05-08T11:44:14,502.66,CREDIT,bulk_order,Corporate purchase,280876.8,retailer,"sale,peak_day"
TXN-3449FB3248E1,2026-05-08T12:08:45,424.43,CREDIT,online_sales,Online cart,289565.22,retailer,"sale,peak_day"
TXN-F9BA334A8F4A,2026-05-08T12:28:24,302.04,CREDIT,returns_received,Supplier credit note,284588.79,retailer,"sale,peak_day"
TXN-FFB5D4DC70D2,2026-05-08T12:31:39,390.45,CREDIT,bulk_order,Bulk purchase - B2B,290747.95,retailer,"sale,peak_day"
TXN-61AC129162B5,2026-05-08T13:08:32,249.03,CREDIT,online_sales,Amazon marketplace,285650.3,retailer,"sale,peak_day"
TXN-090804ACE083,2026-05-08T13:17:07,433.84,CREDIT,online_sales,Shopify order,292574.69,retailer,"sale,peak_day"
TXN-0E99BA44732E,2026-05-08T13:28:14,383.75,CREDIT,bulk_order,Corporate purchase,283220.75,retailer,"sale,peak_day"
TXN-89D23CEFB7FC,2026-05-08T13:39:33,10.0,CREDIT,online_sales,Shopify order,290243.94,retailer,"sale,peak_day"
TXN-1881D184D489,2026-05-08T13:44:28,242.97,CREDIT,returns_received,Return from vendor,286625.74,retailer,"sale,peak_day"
TXN-732D41BC252C,2026-05-08T14:17:34,429.26,CREDIT,bulk_order,Bulk purchase - B2B,290233.94,retailer,"sale,peak_day"
TXN-F0F35466BE20,2026-05-08T14:42:57,659.63,CREDIT,product_sales,POS transaction,281860.19,retailer,"sale,peak_day"
TXN-5B2CD9CD15CF,2026-05-08T14:53:50,178.69,CREDIT,returns_received,Return from vendor,294286.71,retailer,"sale,peak_day"
TXN-89B5C8165298,2026-05-08T15:00:00,283.3,DEBIT,maintenance,Equipment maintenance,294289.78,retailer,expense
TXN-FB1564FC8719,2026-05-08T15:57:25,459.23,CREDIT,bulk_order,Wholesale order,282319.42,retailer,"sale,peak_day"
TXN-41D1B756037B,2026-05-08T16:10:52,108.8,CREDIT,returns_received,Supplier credit note,288323.85,retailer,"sale,peak_day"
TXN-7CB12253DD26,2026-05-08T16:30:02,323.76,CREDIT,product_sales,Counter sale,281200.56,retailer,"sale,peak_day"
TXN-EE07DF94B77E,2026-05-08T16:50:00,1183.94,DEBIT,marketing,Facebook Ads,293105.84,retailer,expense
TXN-8C9D7DCDB210,2026-05-08T16:56:49,315.54,CREDIT,bulk_order,Wholesale order,293031.14,retailer,"sale,peak_day"
TXN-3400DE2484BE,2026-05-08T16:56:57,525.92,CREDIT,returns_received,Supplier credit note,292140.85,retailer,"sale,peak_day"
TXN-7E080A2D81C6,2026-05-08T17:15:23,123.29,CREDIT,online_sales,Online cart,288843.59,retailer,"sale,peak_day"
TXN-5D165E8D9B58,2026-05-08T17:20:34,330.8,CREDIT,product_sales,Counter sale,285325.3,retailer,"sale,peak_day"
TXN-8A207A2B7A7D,2026-05-08T18:11:36,286.37,CREDIT,returns_received,Return from vendor,294573.08,retailer,"sale,peak_day"
TXN-A699AB68297F,2026-05-08T19:10:36,799.25,CREDIT,returns_received,Return from vendor,287424.99,retailer,"sale,peak_day"
TXN-EB031D1C047D,2026-05-08T20:21:39,625.11,CREDIT,online_sales,Website checkout,293656.25,retailer,"sale,peak_day"
TXN-F675AA51D146,2026-05-08T20:22:12,75.97,CREDIT,product_sales,Walk-in customer,285401.27,retailer,"sale,peak_day"
TXN-66669CAA496F,2026-05-08T20:26:53,420.28,CREDIT,online_sales,Website checkout,288215.05,retailer,"sale,peak_day"
TXN-EE5F1F288FB7,2026-05-09T08:11:20,583.74,CREDIT,bulk_order,Corporate purchase,304808.3,retailer,"sale,peak_day"
TXN-59AD393F1958,2026-05-09T08:13:44,251.56,CREDIT,online_sales,Amazon marketplace,299607.52,retailer,"sale,peak_day"
TXN-C5E94E9AD21A,2026-05-09T08:25:10,598.67,CREDIT,product_sales,In-store sales,293704.51,retailer,"sale,peak_day"
TXN-4D6E4FECD7C2,2026-05-09T08:37:58,334.69,CREDIT,returns_received,Supplier credit note,303736.2,retailer,"sale,peak_day"
TXN-5D11CEB87276,2026-05-09T09:02:40,406.76,CREDIT,product_sales,Walk-in customer,297315.81,retailer,"sale,peak_day"
TXN-8A8FFCDCDA19,2026-05-09T09:30:08,197.11,CREDIT,returns_received,Return from vendor,298094.08,retailer,"sale,peak_day"
TXN-73FCF43FB6B6,2026-05-09T09:36:51,257.86,CREDIT,online_sales,Online cart,303401.51,retailer,"sale,peak_day"
TXN-52F926C89758,2026-05-09T09:54:56,392.67,CREDIT,online_sales,Website checkout,306502.39,retailer,"sale,peak_day"
TXN-D7BBC9D6BD66,2026-05-09T10:10:54,506.06,CREDIT,returns_received,Return from vendor,305314.36,retailer,"sale,peak_day"
TXN-A897FB7A44C9,2026-05-09T10:13:23,1072.18,CREDIT,product_sales,POS transaction,301890.77,retailer,"sale,peak_day"
TXN-E47C5E05EF5B,2026-05-09T10:13:30,340.43,CREDIT,online_sales,Amazon marketplace,298434.51,retailer,"sale,peak_day"
TXN-324A39C908FA,2026-05-09T10:32:51,377.74,CREDIT,online_sales,Amazon marketplace,294579.67,retailer,"sale,peak_day"
TXN-217FD78A5C8F,2026-05-09T11:11:53,126.59,CREDIT,product_sales,Walk-in customer,296065.4,retailer,"sale,peak_day"
TXN-5E13F7853327,2026-05-09T11:48:45,498.64,CREDIT,bulk_order,Corporate purchase,300349.07,retailer,"sale,peak_day"
TXN-2DA42BDA9389,2026-05-09T11:49:16,658.69,CREDIT,returns_received,Supplier credit note,295758.19,retailer,"sale,peak_day"
TXN-7ACDC6F41E9E,2026-05-09T11:52:00,1727.73,DEBIT,utilities,Internet bill,305706.63,retailer,expense
TXN-0FBD44177D34,2026-05-09T12:31:36,180.62,CREDIT,product_sales,Counter sale,295938.81,retailer,"sale,peak_day"
TXN-0CB2138C626A,2026-05-09T12:58:43,351.93,CREDIT,bulk_order,Wholesale order,306854.32,retailer,"sale,peak_day"
TXN-D50630B2DE9F,2026-05-09T13:09:42,71.67,CREDIT,bulk_order,Bulk purchase - B2B,304224.56,retailer,"sale,peak_day"
TXN-C749B4CBB144,2026-05-09T13:35:50,432.07,CREDIT,bulk_order,Wholesale order,302322.84,retailer,"sale,peak_day"
TXN-0A0ECF231D20,2026-05-09T13:37:51,395.6,CREDIT,bulk_order,Corporate purchase,296461.0,retailer,"sale,peak_day"
TXN-56715233AD7E,2026-05-09T13:50:56,19.92,CREDIT,product_sales,In-store sales,302644.18,retailer,"sale,peak_day"
TXN-7B5E99099CA9,2026-05-09T14:10:29,219.91,CREDIT,product_sales,In-store sales,305534.27,retailer,"sale,peak_day"
TXN-A0268B16ACA9,2026-05-09T15:07:03,429.03,CREDIT,product_sales,Counter sale,306109.72,retailer,"sale,peak_day"
TXN-6051533FECAF,2026-05-09T15:11:23,469.52,CREDIT,online_sales,Shopify order,300818.59,retailer,"sale,peak_day"
TXN-A47814ACD497,2026-05-09T15:54:00,82.47,DEBIT,maintenance,Plumbing repair,305624.16,retailer,expense
TXN-82E74BDA588B,2026-05-09T16:12:53,416.69,CREDIT,online_sales,Shopify order,304152.89,retailer,"sale,peak_day"
TXN-7F7B7434C07F,2026-05-09T16:30:20,531.54,CREDIT,returns_received,Supplier credit note,299355.96,retailer,"sale,peak_day"
TXN-B87D6B33E9F4,2026-05-09T17:27:34,301.42,CREDIT,bulk_order,Bulk purchase - B2B,302624.26,retailer,"sale,peak_day"
TXN-DA445ABA4BCC,2026-05-09T17:29:58,519.83,CREDIT,bulk_order,Bulk purchase - B2B,295099.5,retailer,"sale,peak_day"
TXN-9DABBE8CC2E6,2026-05-09T17:50:02,146.42,CREDIT,product_sales,POS transaction,305680.69,retailer,"sale,peak_day"
TXN-442AF93CED65,2026-05-09T17:54:47,580.04,CREDIT,online_sales,Online cart,307434.36,retailer,"sale,peak_day"
TXN-FD06952269AE,2026-05-09T18:00:00,517.77,DEBIT,utilities,Internet bill,305106.39,retailer,expense
TXN-3887BB7730C0,2026-05-09T18:12:53,242.91,CREDIT,online_sales,Online cart,299850.43,retailer,"sale,peak_day"
TXN-BCC7C0A2F17D,2026-05-09T18:31:19,389.91,CREDIT,returns_received,Return from vendor,298824.42,retailer,"sale,peak_day"
TXN-6023FF00B650,2026-05-09T18:38:58,448.05,CREDIT,returns_received,Return from vendor,296909.05,retailer,"sale,peak_day"
TXN-5FB2092DD31D,2026-05-09T19:03:03,497.42,CREDIT,returns_received,Supplier credit note,294201.93,retailer,"sale,peak_day"
TXN-924EF9FDD7CE,2026-05-09T19:06:21,581.16,CREDIT,online_sales,Amazon marketplace,297896.97,retailer,"sale,peak_day"
TXN-806E815E2C37,2026-05-09T19:30:02,499.47,CREDIT,product_sales,POS transaction,303143.65,retailer,"sale,peak_day"
TXN-C99480511644,2026-05-10T09:14:23,976.2,CREDIT,product_sales,In-store sales,315483.59,retailer,"sale,peak_day"
TXN-E237B0A40D5B,2026-05-10T10:29:34,538.07,CREDIT,bulk_order,Bulk purchase - B2B,312093.79,retailer,"sale,peak_day"
TXN-3A3BB7B4B6F7,2026-05-10T10:36:31,817.94,CREDIT,online_sales,Online cart,312911.73,retailer,"sale,peak_day"
TXN-F2477A70390E,2026-05-10T11:01:45,361.13,CREDIT,bulk_order,Bulk purchase - B2B,311184.01,retailer,"sale,peak_day"
TXN-00828E602BEF,2026-05-10T11:23:00,586.78,DEBIT,logistics,Shipping cost,315689.32,retailer,expense
TXN-A4BB00C987BE,2026-05-10T11:24:42,342.99,CREDIT,bulk_order,Bulk purchase - B2B,309669.18,retailer,"sale,peak_day"
TXN-8868A219DB81,2026-05-10T11:59:11,392.55,CREDIT,online_sales,Shopify order,307093.06,retailer,"sale,peak_day"
TXN-E871AE96EC15,2026-05-10T12:21:44,371.71,CREDIT,returns_received,Supplier credit note,311555.72,retailer,"sale,peak_day"
TXN-7A82A1AB8F83,2026-05-10T12:24:38,462.78,CREDIT,returns_received,Return from vendor,307954.35,retailer,"sale,peak_day"
TXN-DBEC3F483694,2026-05-10T12:48:26,189.43,CREDIT,bulk_order,Bulk purchase - B2B,310822.88,retailer,"sale,peak_day"
TXN-453887F149CE,2026-05-10T13:53:55,281.93,CREDIT,bulk_order,Wholesale order,314023.54,retailer,"sale,peak_day"
TXN-C9794EE945EA,2026-05-10T14:52:40,402.58,CREDIT,bulk_order,Corporate purchase,306646.13,retailer,"sale,peak_day"
TXN-92B3F8DAB135,2026-05-10T14:53:48,366.09,CREDIT,bulk_order,Wholesale order,309326.19,retailer,"sale,peak_day"
TXN-84C4E7D7D039,2026-05-10T14:55:36,605.96,CREDIT,returns_received,Supplier credit note,305712.35,retailer,"sale,peak_day"
TXN-57E232E53134,2026-05-10T15:17:48,727.98,CREDIT,bulk_order,Bulk purchase - B2B,313741.61,retailer,"sale,peak_day"
TXN-FDF305AA5510,2026-05-10T15:25:40,54.38,CREDIT,returns_received,Return from vendor,306700.51,retailer,"sale,peak_day"
TXN-B7CD8E7AF38F,2026-05-10T15:32:44,792.51,CREDIT,returns_received,Supplier credit note,316276.1,retailer,"sale,peak_day"
TXN-4EEFAB6E9E42,2026-05-10T16:28:15,101.9,CREDIT,bulk_order,Wholesale order,313013.63,retailer,"sale,peak_day"
TXN-A4652FA13732,2026-05-10T17:08:58,576.36,CREDIT,bulk_order,Wholesale order,310633.45,retailer,"sale,peak_day"
TXN-A3FE68D78E07,2026-05-10T17:15:22,483.85,CREDIT,bulk_order,Bulk purchase - B2B,314507.39,retailer,"sale,peak_day"
TXN-FAF70CD893C0,2026-05-10T17:35:37,524.8,CREDIT,online_sales,Amazon marketplace,308479.15,retailer,"sale,peak_day"
TXN-54AB31A07091,2026-05-10T18:00:59,480.95,CREDIT,returns_received,Supplier credit note,308960.1,retailer,"sale,peak_day"
TXN-731A57C68906,2026-05-10T18:45:54,398.51,CREDIT,returns_received,Return from vendor,307491.57,retailer,"sale,peak_day"
TXN-987999B144D1,2026-05-10T19:54:37,387.91,CREDIT,online_sales,Online cart,310057.09,retailer,"sale,peak_day"
TXN-8DF759CCBA0E,2026-05-10T20:48:22,531.2,CREDIT,online_sales,Online cart,306243.55,retailer,"sale,peak_day"
TXN-EC482C5E8D59,2026-05-11T09:26:00,384.43,DEBIT,utilities,Internet bill,319927.6,retailer,expense
TXN-23DB9D070400,2026-05-11T10:14:24,557.84,CREDIT,returns_received,Return from vendor,320369.9,retailer,sale
TXN-C7C9364EDEBB,2026-05-11T10:28:03,787.92,CREDIT,product_sales,In-store sales,316728.02,retailer,sale
TXN-B63D1BE4384E,2026-05-11T11:00:02,104.87,CREDIT,returns_received,Return from vendor,318498.04,retailer,sale
TXN-814B44BE2453,2026-05-11T11:05:51,174.52,CREDIT,bulk_order,Bulk purchase - B2B,321029.33,retailer,sale
TXN-B7B398DA6090,2026-05-11T11:44:02,213.14,CREDIT,returns_received,Supplier credit note,316941.16,retailer,sale
TXN-A18C47F5BEAA,2026-05-11T11:56:09,474.7,CREDIT,product_sales,In-store sales,321504.03,retailer,sale
TXN-E89D8E2C356E,2026-05-11T12:06:00,1635.12,DEBIT,marketing,Facebook Ads,317738.94,retailer,expense
TXN-572A6FB83E53,2026-05-11T13:58:06,711.62,CREDIT,online_sales,Shopify order,318393.17,retailer,sale
TXN-5EF1ABBADA62,2026-05-11T15:11:49,581.16,CREDIT,bulk_order,Bulk purchase - B2B,319812.06,retailer,sale
TXN-AC5D0D082F27,2026-05-11T15:26:38,740.39,CREDIT,product_sales,POS transaction,317681.55,retailer,sale
TXN-DE735B121303,2026-05-11T17:43:00,1192.0,DEBIT,inventory_purchase,Stock order #TXN-2A08,320312.03,retailer,"expense,inventory_order"
TXN-538D30E81C6F,2026-05-11T17:46:00,553.54,DEBIT,inventory_purchase,Stock order #TXN-B17C,319374.06,retailer,"expense,inventory_order"
TXN-4650F8581359,2026-05-11T17:59:01,484.91,CREDIT,bulk_order,Bulk purchase - B2B,320854.81,retailer,sale
TXN-651DE22EDF23,2026-05-11T18:11:22,466.25,CREDIT,product_sales,POS transaction,318964.29,retailer,sale
TXN-1433574141F2,2026-05-11T19:31:41,250.78,CREDIT,product_sales,POS transaction,315940.1,retailer,sale
TXN-891FD5A394CA,2026-05-11T20:37:05,266.61,CREDIT,returns_received,Supplier credit note,319230.9,retailer,sale
TXN-ABE8B9DBAB82,2026-05-12T08:17:20,328.41,CREDIT,returns_received,Supplier credit note,321950.48,retailer,sale
TXN-092AD19D033D,2026-05-12T08:53:17,927.34,CREDIT,bulk_order,Corporate purchase,323112.31,retailer,sale
TXN-B55C59798AC4,2026-05-12T09:05:45,171.66,CREDIT,returns_received,Return from vendor,323283.97,retailer,sale
TXN-9C48BA4A46CC,2026-05-12T09:29:01,506.15,CREDIT,online_sales,Website checkout,318245.09,retailer,sale
TXN-4962C3A4A70E,2026-05-12T09:41:00,802.74,DEBIT,maintenance,AC servicing,324990.73,retailer,expense
TXN-E36CBC5B9346,2026-05-12T10:33:18,10.0,CREDIT,online_sales,Shopify order,325793.47,retailer,sale
TXN-EAC7C25AC9EA,2026-05-12T12:48:19,597.46,CREDIT,online_sales,Online cart,320743.77,retailer,sale
TXN-AB56274DB615,2026-05-12T12:50:06,670.14,CREDIT,product_sales,POS transaction,321622.07,retailer,sale
TXN-A56228B24BDB,2026-05-12T13:38:06,234.49,CREDIT,online_sales,Shopify order,322184.97,retailer,sale
TXN-BB6F6541797A,2026-05-12T14:19:15,566.04,CREDIT,returns_received,Return from vendor,325783.47,retailer,sale
TXN-FF96C29E6496,2026-05-12T14:31:00,173.61,CREDIT,online_sales,Website checkout,319759.1,retailer,sale
TXN-6E800B0F428A,2026-05-12T14:37:44,507.24,CREDIT,online_sales,Online cart,324541.39,retailer,sale
TXN-4072666C8F5E,2026-05-12T15:50:34,391.81,CREDIT,online_sales,Website checkout,323675.78,retailer,sale
TXN-F8280FF94E4F,2026-05-12T16:40:32,676.04,CREDIT,returns_received,Return from vendor,325217.43,retailer,sale
TXN-53CD035B21FF,2026-05-12T16:55:03,556.92,CREDIT,product_sales,Counter sale,319273.08,retailer,sale
TXN-3A587540A9F3,2026-05-12T17:12:43,312.41,CREDIT,online_sales,Online cart,319585.49,retailer,sale
TXN-067B2C8F684F,2026-05-12T17:46:28,471.07,CREDIT,product_sales,Walk-in customer,318716.16,retailer,sale
TXN-9A11E1B36B11,2026-05-12T18:09:30,358.37,CREDIT,product_sales,Counter sale,324034.15,retailer,sale
TXN-1BF1625F0E59,2026-05-12T18:39:43,208.16,CREDIT,returns_received,Return from vendor,320951.93,retailer,sale
TXN-BFDC42A0B45F,2026-05-12T19:40:46,387.21,CREDIT,bulk_order,Bulk purchase - B2B,320146.31,retailer,sale
TXN-9F8B63FBA389,2026-05-13T08:48:06,446.66,CREDIT,online_sales,Website checkout,334708.61,retailer,sale
TXN-DA391053A8CD,2026-05-13T09:16:17,405.6,CREDIT,online_sales,Online cart,327156.92,retailer,sale
TXN-0083BC36C631,2026-05-13T09:18:09,470.38,CREDIT,bulk_order,Corporate purchase,338422.07,retailer,sale
TXN-D30140B6B0A9,2026-05-13T09:41:47,792.81,CREDIT,returns_received,Return from vendor,328263.03,retailer,sale
TXN-764B75C9517E,2026-05-13T09:41:49,202.84,CREDIT,product_sales,Walk-in customer,333570.78,retailer,sale
TXN-94A50B11AC3C,2026-05-13T09:48:29,389.17,CREDIT,product_sales,POS transaction,326064.41,retailer,sale
TXN-F982A7188887,2026-05-13T09:55:32,647.5,CREDIT,returns_received,Supplier credit note,337545.08,retailer,sale
TXN-65B31F0C6887,2026-05-13T10:06:24,759.2,CREDIT,online_sales,Shopify order,331788.35,retailer,sale
TXN-51B519C879B2,2026-05-13T10:53:04,494.09,CREDIT,bulk_order,Bulk purchase - B2B,330136.1,retailer,sale
TXN-E760BB187DA6,2026-05-13T11:06:03,919.0,CREDIT,product_sales,In-store sales,329182.03,retailer,sale
TXN-8F420981663B,2026-05-13T11:08:44,268.82,CREDIT,product_sales,In-store sales,331029.15,retailer,sale
TXN-FA3970BAAA20,2026-05-13T11:13:58,538.15,CREDIT,online_sales,Website checkout,338960.22,retailer,sale
TXN-3C5733F73458,2026-05-13T11:21:14,445.42,CREDIT,bulk_order,Wholesale order,332233.77,retailer,sale
TXN-E4A762AECEDF,2026-05-13T11:53:27,266.56,CREDIT,bulk_order,Wholesale order,326751.32,retailer,sale
TXN-755E73148BC9,2026-05-13T13:44:07,684.51,CREDIT,online_sales,Website checkout,325675.24,retailer,sale
TXN-52B70687ED0C,2026-05-13T14:45:44,576.98,CREDIT,online_sales,Online cart,333367.94,retailer,sale
TXN-C168F9BAC431,2026-05-13T15:24:37,557.19,CREDIT,online_sales,Online cart,332790.96,retailer,sale
TXN-8A6296008602,2026-05-13T15:58:33,538.19,CREDIT,bulk_order,Corporate purchase,336897.58,retailer,sale
TXN-C72BBBD0C05B,2026-05-13T17:34:37,313.3,CREDIT,product_sales,Walk-in customer,327470.22,retailer,sale
TXN-0EB6FD558E43,2026-05-13T17:40:00,434.08,CREDIT,returns_received,Return from vendor,335575.01,retailer,sale
TXN-4BB14F4E5FEB,2026-05-13T18:33:26,420.35,CREDIT,returns_received,Supplier credit note,326484.76,retailer,sale
TXN-845E68704564,2026-05-13T18:38:01,535.46,CREDIT,bulk_order,Bulk purchase - B2B,336110.47,retailer,sale
TXN-18EE2C4CF716,2026-05-13T18:42:07,691.17,CREDIT,online_sales,Website checkout,334261.95,retailer,sale
TXN-578F6CEF40EF,2026-05-13T18:54:00,966.7,DEBIT,maintenance,AC servicing,337993.52,retailer,expense
TXN-D4E1D42B9049,2026-05-13T18:57:43,248.92,CREDIT,returns_received,Return from vendor,336359.39,retailer,sale
TXN-71D058B73B5F,2026-05-13T19:14:35,459.98,CREDIT,returns_received,Supplier credit note,329642.01,retailer,sale
TXN-86556F7ED24C,2026-05-13T20:03:57,432.32,CREDIT,product_sales,In-store sales,335140.93,retailer,sale
TXN-A6F143E1C9CF,2026-05-13T20:14:51,406.61,CREDIT,product_sales,Walk-in customer,337951.69,retailer,sale
TXN-2CD7C98A9748,2026-05-13T20:46:01,624.23,CREDIT,online_sales,Shopify order,330760.33,retailer,sale
TXN-9B662F08C6AB,2026-05-14T08:05:39,727.56,CREDIT,online_sales,Website checkout,345666.74,retailer,sale
TXN-FAB4920571F2,2026-05-14T08:10:50,520.69,CREDIT,bulk_order,Corporate purchase,344939.18,retailer,sale
TXN-4ACA117BCD32,2026-05-14T08:39:00,2015.21,DEBIT,inventory_purchase,Stock order #TXN-D793,344150.43,retailer,"expense,inventory_order"
TXN-B931D652CEB3,2026-05-14T09:52:26,447.44,CREDIT,returns_received,Return from vendor,339768.36,retailer,sale
TXN-258C63C80C5D,2026-05-14T10:26:15,367.38,CREDIT,bulk_order,Bulk purchase - B2B,340135.74,retailer,sale
TXN-2A80416983BD,2026-05-14T10:27:51,238.44,CREDIT,product_sales,POS transaction,343864.67,retailer,sale
TXN-D638B188D758,2026-05-14T11:17:05,432.54,CREDIT,online_sales,Amazon marketplace,338958.97,retailer,sale
TXN-2D89F7BFEB8C,2026-05-14T11:55:10,514.32,CREDIT,returns_received,Return from vendor,341175.73,retailer,sale
TXN-211B5D118AA3,2026-05-14T12:03:52,624.67,CREDIT,returns_received,Return from vendor,343245.27,retailer,sale
TXN-0D0BFC3F1F05,2026-05-14T12:09:20,380.96,CREDIT,bulk_order,Corporate purchase,343626.23,retailer,sale
TXN-21B28E2C1B0E,2026-05-14T12:14:50,553.82,CREDIT,returns_received,Supplier credit note,344418.49,retailer,sale
TXN-5844EF3B296E,2026-05-14T12:36:21,229.76,CREDIT,bulk_order,Bulk purchase - B2B,340661.41,retailer,sale
TXN-D2FF3E9C1DA9,2026-05-14T13:52:01,123.66,CREDIT,returns_received,Return from vendor,338526.43,retailer,sale
TXN-0A67277AC940,2026-05-14T14:55:47,148.9,CREDIT,online_sales,Amazon marketplace,340284.64,retailer,sale
TXN-7A9B2B53420E,2026-05-14T15:56:14,498.9,CREDIT,returns_received,Return from vendor,346165.64,retailer,sale
TXN-6A21ECCC4180,2026-05-14T16:42:22,713.46,CREDIT,online_sales,Amazon marketplace,341889.19,retailer,sale
TXN-3D5894EA7234,2026-05-14T16:56:51,731.41,CREDIT,online_sales,Website checkout,342620.6,retailer,sale
TXN-E300B7554FA3,2026-05-14T18:51:03,361.95,CREDIT,product_sales,Counter sale,339320.92,retailer,sale
TXN-8B1073CFD1E6,2026-05-14T20:00:10,409.25,CREDIT,bulk_order,Bulk purchase - B2B,338402.77,retailer,sale
TXN-9916B1BF4DAA,2026-05-14T20:34:55,147.01,CREDIT,returns_received,Supplier credit note,340431.65,retailer,sale
TXN-0A6C3C706BE8,2026-05-15T08:24:45,501.64,CREDIT,bulk_order,Wholesale order,345730.03,retailer,"sale,peak_day"
TXN-17AD71107BCE,2026-05-15T08:30:47,795.73,CREDIT,online_sales,Shopify order,349379.54,retailer,"sale,peak_day"
TXN-FFDD1A3BA6F3,2026-05-15T08:40:51,346.35,CREDIT,returns_received,Return from vendor,350066.77,retailer,"sale,peak_day"
TXN-BABE693D2480,2026-05-15T08:45:09,674.89,CREDIT,online_sales,Website checkout,351345.56,retailer,"sale,peak_day"
TXN-386BD107719F,2026-05-15T09:21:12,806.75,CREDIT,online_sales,Amazon marketplace,347427.92,retailer,"sale,peak_day"
TXN-E756F3FD32CC,2026-05-15T09:24:00,144.22,DEBIT,inventory_purchase,Stock order #TXN-1426,351539.69,retailer,"expense,inventory_order"
TXN-A5AD564C5BD9,2026-05-15T11:17:52,363.08,CREDIT,returns_received,Supplier credit note,346621.17,retailer,"sale,peak_day"
TXN-0D8B09BFBA0D,2026-05-15T12:16:04,206.56,CREDIT,returns_received,Supplier credit note,350670.67,retailer,"sale,peak_day"
TXN-91EE33BD8AEF,2026-05-15T12:24:08,528.06,CREDIT,product_sales,POS transaction,346258.09,retailer,"sale,peak_day"
TXN-AC3172C8F5D7,2026-05-15T12:43:05,535.97,CREDIT,returns_received,Return from vendor,344972.49,retailer,"sale,peak_day"
TXN-FE2C77257F17,2026-05-15T13:15:28,340.88,CREDIT,returns_received,Supplier credit note,349720.42,retailer,"sale,peak_day"
TXN-16E1164E1A51,2026-05-15T13:32:22,397.34,CREDIT,returns_received,Supplier credit note,350464.11,retailer,"sale,peak_day"
TXN-39CC6F998232,2026-05-15T13:42:00,1969.13,DEBIT,marketing,Facebook Ads,348636.68,retailer,expense
TXN-AAD6107C41B8,2026-05-15T14:54:59,338.35,CREDIT,bulk_order,Bulk purchase - B2B,351683.91,retailer,"sale,peak_day"
TXN-05F92F34FEC7,2026-05-15T15:22:41,74.65,CREDIT,bulk_order,Wholesale order,348351.76,retailer,"sale,peak_day"
TXN-0758F132E83E,2026-05-15T15:45:20,383.22,CREDIT,online_sales,Shopify order,347811.14,retailer,"sale,peak_day"
TXN-315EF5D36ACC,2026-05-15T17:27:00,933.88,DEBIT,marketing,Print marketing,350605.81,retailer,expense
TXN-778E9A95149B,2026-05-15T17:30:18,286.09,CREDIT,online_sales,Website checkout,344436.52,retailer,"sale,peak_day"
TXN-8206A9FF0D4C,2026-05-15T20:16:25,232.05,CREDIT,product_sales,Counter sale,348583.81,retailer,"sale,peak_day"
TXN-00B62BACBBD2,2026-05-15T20:45:27,255.9,CREDIT,bulk_order,Wholesale order,345228.39,retailer,"sale,peak_day"
TXN-0D3DAD7E9941,2026-05-15T20:57:11,465.97,CREDIT,product_sales,Walk-in customer,348277.11,retailer,"sale,peak_day"
TXN-D31C7AA82BCB,2026-05-16T08:33:32,375.98,CREDIT,returns_received,Return from vendor,354519.98,retailer,"sale,peak_day"
TXN-6B326D39E649,2026-05-16T08:58:52,299.23,CREDIT,online_sales,Amazon marketplace,354819.21,retailer,"sale,peak_day"
TXN-9E7D8F4ECBFD,2026-05-16T09:13:28,437.37,CREDIT,online_sales,Shopify order,362854.8,retailer,"sale,peak_day"
TXN-EFA40926010E,2026-05-16T09:39:00,559.33,DEBIT,logistics,Last-mile delivery,362295.47,retailer,expense
TXN-E4E9C3A9F2A7,2026-05-16T10:13:38,526.41,CREDIT,returns_received,Return from vendor,351822.21,retailer,"sale,peak_day"
TXN-1CC1C7C1376E,2026-05-16T10:34:06,584.85,CREDIT,bulk_order,Corporate purchase,349678.12,retailer,"sale,peak_day"
TXN-23556430DB53,2026-05-16T10:34:55,222.23,CREDIT,product_sales,Counter sale,351295.8,retailer,"sale,peak_day"
TXN-66CFDAC66689,2026-05-16T10:44:27,277.99,CREDIT,returns_received,Supplier credit note,348914.67,retailer,"sale,peak_day"
TXN-C5FE0A604869,2026-05-16T11:30:21,790.07,CREDIT,returns_received,Return from vendor,358088.01,retailer,"sale,peak_day"
TXN-955F2A990137,2026-05-16T11:35:50,395.18,CREDIT,bulk_order,Corporate purchase,352217.39,retailer,"sale,peak_day"
TXN-F3DF782CBDBE,2026-05-16T11:46:00,2382.52,DEBIT,utilities,Internet bill,357683.31,retailer,expense
TXN-83FE5FDB2616,2026-05-16T12:03:49,81.11,CREDIT,online_sales,Website checkout,356516.25,retailer,"sale,peak_day"
TXN-3197222872F5,2026-05-16T12:20:10,774.63,CREDIT,product_sales,Walk-in customer,350783.17,retailer,"sale,peak_day"
TXN-D584FD067543,2026-05-16T12:42:40,551.92,CREDIT,product_sales,In-store sales,358639.93,retailer,"sale,peak_day"
TXN-360D927A8D05,2026-05-16T12:48:44,519.5,CREDIT,online_sales,Website checkout,355338.71,retailer,"sale,peak_day"
TXN-8C2DE0C5AD1F,2026-05-16T13:04:00,1966.13,DEBIT,maintenance,Plumbing repair,360329.34,retailer,expense
TXN-13D8DB334AFE,2026-05-16T13:08:15,602.47,CREDIT,online_sales,Amazon marketplace,356435.14,retailer,"sale,peak_day"
TXN-2C0194CDF82E,2026-05-16T13:08:27,530.74,CREDIT,online_sales,Online cart,353478.51,retailer,"sale,peak_day"
TXN-C45BD37F49E3,2026-05-16T13:21:06,503.3,CREDIT,online_sales,Online cart,352947.77,retailer,"sale,peak_day"
TXN-75B0CFF06A0D,2026-05-16T13:38:00,263.51,DEBIT,utilities,Gas bill,360065.83,retailer,expense
TXN-A460F10CD38C,2026-05-16T13:55:41,285.12,CREDIT,product_sales,Walk-in customer,361240.79,retailer,"sale,peak_day"
TXN-AD7B878F510C,2026-05-16T14:03:36,447.8,CREDIT,product_sales,In-store sales,357297.94,retailer,"sale,peak_day"
TXN-8B9E1C5BB702,2026-05-16T14:40:26,290.4,CREDIT,online_sales,Website checkout,351073.57,retailer,"sale,peak_day"
TXN-E53BF5477AF9,2026-05-16T14:57:53,429.31,CREDIT,returns_received,Supplier credit note,360955.67,retailer,"sale,peak_day"
TXN-CDF4BDE0C666,2026-05-16T15:04:45,178.6,CREDIT,product_sales,Walk-in customer,349093.27,retailer,"sale,peak_day"
TXN-50FE1BF15220,2026-05-16T15:08:23,637.29,CREDIT,bulk_order,Bulk purchase - B2B,359768.2,retailer,"sale,peak_day"
TXN-AF0FFAD0FCB9,2026-05-16T15:23:37,446.68,CREDIT,bulk_order,Corporate purchase,362417.43,retailer,"sale,peak_day"
TXN-E02F66017482,2026-05-16T15:58:04,758.16,CREDIT,returns_received,Return from vendor,360526.36,retailer,"sale,peak_day"
TXN-36411E7796AE,2026-05-16T16:23:00,227.08,CREDIT,returns_received,Return from vendor,352444.47,retailer,"sale,peak_day"
TXN-9C01DA0D2813,2026-05-16T17:01:15,10.0,CREDIT,bulk_order,Bulk purchase - B2B,353488.51,retailer,"sale,peak_day"
TXN-841CBAB5385D,2026-05-16T17:56:54,330.42,CREDIT,online_sales,Online cart,350008.54,retailer,"sale,peak_day"
TXN-7B8D72E407DA,2026-05-16T18:01:50,333.89,CREDIT,product_sales,In-store sales,356850.14,retailer,"sale,peak_day"
TXN-E54EAD323C53,2026-05-16T19:07:27,493.96,CREDIT,product_sales,POS transaction,355832.67,retailer,"sale,peak_day"
TXN-1B48CE1CDCBB,2026-05-16T19:26:16,655.49,CREDIT,returns_received,Supplier credit note,354144.0,retailer,"sale,peak_day"
TXN-FAD3177301C1,2026-05-16T20:25:44,490.98,CREDIT,online_sales,Shopify order,359130.91,retailer,"sale,peak_day"
TXN-7004F6A23987,2026-05-16T20:58:57,729.96,CREDIT,returns_received,Return from vendor,361970.75,retailer,"sale,peak_day"
TXN-DFA2BC513A68,2026-05-17T08:19:41,325.06,CREDIT,returns_received,Supplier credit note,358008.37,retailer,"sale,peak_day"
TXN-9B2ECE0BA5BE,2026-05-17T08:49:35,493.17,CREDIT,online_sales,Shopify order,360095.88,retailer,"sale,peak_day"
TXN-9180F88ABBB6,2026-05-17T08:54:07,436.62,CREDIT,bulk_order,Corporate purchase,364953.87,retailer,"sale,peak_day"
TXN-86900588E94A,2026-05-17T08:54:17,259.27,CREDIT,bulk_order,Corporate purchase,364517.25,retailer,"sale,peak_day"
TXN-69D46DD24C41,2026-05-17T08:55:37,626.92,CREDIT,online_sales,Amazon marketplace,363969.78,retailer,"sale,peak_day"
TXN-C53FB186BC27,2026-05-17T09:00:39,249.8,CREDIT,bulk_order,Corporate purchase,360628.1,retailer,"sale,peak_day"
TXN-79DFD758468D,2026-05-17T09:02:12,213.79,CREDIT,returns_received,Return from vendor,362955.29,retailer,"sale,peak_day"
TXN-147674EEA6C6,2026-05-17T10:48:31,97.87,CREDIT,returns_received,Supplier credit note,360193.75,retailer,"sale,peak_day"
TXN-10B0CF15A968,2026-05-17T11:22:08,606.72,CREDIT,bulk_order,Wholesale order,366723.4,retailer,"sale,peak_day"
TXN-C13597133E2B,2026-05-17T12:46:01,184.55,CREDIT,online_sales,Online cart,360378.3,retailer,"sale,peak_day"
TXN-814B5F003526,2026-05-17T12:46:51,31.01,CREDIT,returns_received,Supplier credit note,364257.98,retailer,"sale,peak_day"
TXN-73E1D6975F75,2026-05-17T12:51:56,320.19,CREDIT,bulk_order,Bulk purchase - B2B,358749.59,retailer,"sale,peak_day"
TXN-917A03A93983,2026-05-17T13:58:23,399.76,CREDIT,bulk_order,Wholesale order,359602.71,retailer,"sale,peak_day"
TXN-5EA9F3CAB271,2026-05-17T14:09:25,139.44,CREDIT,product_sales,Counter sale,366862.84,retailer,"sale,peak_day"
TXN-A2B5AC1301CC,2026-05-17T14:20:06,492.88,CREDIT,product_sales,Walk-in customer,361983.6,retailer,"sale,peak_day"
TXN-CA75854C4E52,2026-05-17T14:46:46,349.89,CREDIT,online_sales,Website checkout,361490.72,retailer,"sale,peak_day"
TXN-933A4F0B65D0,2026-05-17T15:24:47,453.36,CREDIT,online_sales,Online cart,359202.95,retailer,"sale,peak_day"
TXN-4A93DF14E2A2,2026-05-17T15:47:35,281.63,CREDIT,returns_received,Return from vendor,360909.73,retailer,"sale,peak_day"
TXN-0CD5B9B822E9,2026-05-17T16:23:00,1498.24,DEBIT,inventory_purchase,Stock order #TXN-9D75,365364.6,retailer,"expense,inventory_order"
TXN-77EEA60FE07A,2026-05-17T17:29:34,421.03,CREDIT,online_sales,Shopify order,358429.4,retailer,"sale,peak_day"
TXN-E707DE7AC819,2026-05-17T17:36:46,461.96,CREDIT,online_sales,Amazon marketplace,365415.83,retailer,"sale,peak_day"
TXN-85B8D3121FF0,2026-05-17T18:13:18,257.19,CREDIT,returns_received,Supplier credit note,364226.97,retailer,"sale,peak_day"
TXN-1135DCB3C133,2026-05-17T18:34:44,231.1,CREDIT,returns_received,Supplier credit note,361140.83,retailer,"sale,peak_day"
TXN-0532B3BF06B7,2026-05-17T18:59:39,757.9,CREDIT,product_sales,In-store sales,362741.5,retailer,"sale,peak_day"
TXN-E800189ADDE0,2026-05-17T19:13:54,461.52,CREDIT,returns_received,Supplier credit note,366116.68,retailer,"sale,peak_day"
TXN-E3F66DACEC88,2026-05-17T19:19:12,239.33,CREDIT,returns_received,Return from vendor,365655.16,retailer,"sale,peak_day"
TXN-327BAD0DE422,2026-05-17T20:20:41,387.57,CREDIT,online_sales,Website checkout,363342.86,retailer,"sale,peak_day"
TXN-D9DBB75F6F9B,2026-05-18T09:04:43,657.11,CREDIT,returns_received,Supplier credit note,368216.69,retailer,sale
TXN-DD6A845C8F16,2026-05-18T09:19:00,764.53,DEBIT,maintenance,AC servicing,367497.15,retailer,expense
TXN-0931D4F87B73,2026-05-18T10:27:00,50.0,DEBIT,marketing,Influencer payment,367447.15,retailer,expense
TXN-BE6672CE11EB,2026-05-18T11:41:00,1932.75,DEBIT,logistics,Shipping cost,365514.4,retailer,expense
TXN-BC3373B9F672,2026-05-18T13:05:00,1042.19,DEBIT,logistics,Shipping cost,368261.68,retailer,expense
TXN-C8289BE17954,2026-05-18T14:57:39,553.21,CREDIT,online_sales,Website checkout,369303.87,retailer,sale
TXN-40A06B001265,2026-05-18T16:12:17,451.91,CREDIT,bulk_order,Corporate purchase,367097.49,retailer,sale
TXN-08D3216D07BD,2026-05-18T16:33:03,518.02,CREDIT,returns_received,Return from vendor,365882.62,retailer,sale
TXN-CD986EAE24FE,2026-05-18T17:32:05,413.81,CREDIT,returns_received,Return from vendor,366296.43,retailer,sale
TXN-A0C2AC677001,2026-05-18T18:34:16,533.97,CREDIT,online_sales,Shopify order,368750.66,retailer,sale
TXN-7B9D10EFB3ED,2026-05-18T19:26:37,462.09,CREDIT,online_sales,Amazon marketplace,367559.58,retailer,sale
TXN-B756BDDFFAC1,2026-05-18T19:41:26,349.15,CREDIT,returns_received,Supplier credit note,366645.58,retailer,sale
TXN-1598BFC28ECB,2026-05-19T08:53:39,415.18,CREDIT,product_sales,POS transaction,372419.3,retailer,sale
TXN-1503A74A53EC,2026-05-19T09:08:39,713.59,CREDIT,bulk_order,Wholesale order,368038.7,retailer,sale
TXN-6C0FB51518A0,2026-05-19T10:05:00,1909.35,DEBIT,logistics,Courier charges,372483.17,retailer,expense
TXN-D1320B9E7C81,2026-05-19T10:51:44,224.5,CREDIT,bulk_order,Bulk purchase - B2B,372643.8,retailer,sale
TXN-18E99A0B2FE9,2026-05-19T10:55:15,376.31,CREDIT,returns_received,Return from vendor,366612.31,retailer,sale
TXN-E8A6B99761A4,2026-05-19T11:50:56,515.21,CREDIT,returns_received,Return from vendor,369998.53,retailer,sale
TXN-3B09C1434CEA,2026-05-19T11:54:45,241.22,CREDIT,product_sales,Walk-in customer,370875.27,retailer,sale
TXN-C29DFFE2054A,2026-05-19T14:13:38,533.15,CREDIT,product_sales,POS transaction,372004.12,retailer,sale
TXN-E7A7A2874E26,2026-05-19T14:25:21,595.22,CREDIT,online_sales,Shopify order,373460.82,retailer,sale
TXN-63DC460AA84A,2026-05-19T15:49:52,219.24,CREDIT,online_sales,Shopify order,367325.11,retailer,sale
TXN-D90CC519E772,2026-05-19T15:50:00,1104.77,DEBIT,logistics,Shipping cost,371378.4,retailer,expense
TXN-881CF678BCF5,2026-05-19T15:56:17,221.8,CREDIT,returns_received,Supplier credit note,372865.6,retailer,sale
TXN-D735E1A85FD3,2026-05-19T16:12:42,547.4,CREDIT,online_sales,Website checkout,369483.32,retailer,sale
TXN-7A7F2B50CA8B,2026-05-19T16:27:00,809.46,DEBIT,maintenance,Equipment maintenance,374392.52,retailer,expense
TXN-C1276A10CE70,2026-05-19T16:28:37,397.3,CREDIT,product_sales,Counter sale,375201.98,retailer,sale
TXN-A6D6BD1C1B55,2026-05-19T16:51:09,721.6,CREDIT,online_sales,Online cart,366236.0,retailer,sale
TXN-F2068DDFA0DA,2026-05-19T16:52:36,69.5,CREDIT,returns_received,Supplier credit note,374048.22,retailer,sale
TXN-60BA0A1C44E6,2026-05-19T16:58:38,756.46,CREDIT,returns_received,Return from vendor,374804.68,retailer,sale
TXN-2D879A489E4C,2026-05-19T18:16:33,486.4,CREDIT,bulk_order,Wholesale order,368525.1,retailer,sale
TXN-6AD4DBC8CC34,2026-05-19T18:30:21,286.68,CREDIT,returns_received,Supplier credit note,370634.05,retailer,sale
TXN-7F806F816CE0,2026-05-19T18:31:51,348.84,CREDIT,online_sales,Online cart,370347.37,retailer,sale
TXN-26954C502CB8,2026-05-19T18:34:10,595.7,CREDIT,bulk_order,Bulk purchase - B2B,371470.97,retailer,sale
TXN-4D9A4CFC050B,2026-05-19T19:10:33,493.56,CREDIT,product_sales,Walk-in customer,367105.87,retailer,sale
TXN-34B8376946A3,2026-05-19T19:30:07,410.82,CREDIT,product_sales,In-store sales,368935.92,retailer,sale
TXN-B9701B67B258,2026-05-19T20:04:14,517.9,CREDIT,product_sales,In-store sales,373978.72,retailer,sale
TXN-5724A9379CBB,2026-05-20T08:57:29,472.51,CREDIT,returns_received,Return from vendor,373926.85,retailer,sale
TXN-EB7D328952D3,2026-05-20T09:17:51,292.84,CREDIT,product_sales,Walk-in customer,373230.46,retailer,sale
TXN-CA9FC9B00065,2026-05-20T09:22:34,583.12,CREDIT,product_sales,In-store sales,377014.58,retailer,sale
TXN-A0B0C63A27EB,2026-05-20T09:36:00,785.01,DEBIT,logistics,Last-mile delivery,373788.39,retailer,expense
TXN-B52253CE1F33,2026-05-20T10:07:04,475.63,CREDIT,bulk_order,Corporate purchase,372341.99,retailer,sale
TXN-127C55D26EAB,2026-05-20T11:01:00,1340.55,DEBIT,marketing,Print marketing,374573.4,retailer,expense
TXN-3AB9440905C5,2026-05-20T11:15:54,61.69,CREDIT,online_sales,Website checkout,372937.62,retailer,sale
TXN-EF34E3DF7814,2026-05-20T12:15:19,778.56,CREDIT,returns_received,Supplier credit note,375222.4,retailer,sale
TXN-2F55C6A5F34A,2026-05-20T12:21:29,28.18,CREDIT,bulk_order,Wholesale order,376431.46,retailer,sale
TXN-496EC49A94F8,2026-05-20T13:19:33,106.8,CREDIT,returns_received,Return from vendor,376011.31,retailer,sale
TXN-80E4CE3AE19D,2026-05-20T13:30:28,329.39,CREDIT,bulk_order,Wholesale order,377343.97,retailer,sale
TXN-AB7CCC7F4555,2026-05-20T13:43:00,1166.0,DEBIT,utilities,Electricity bill,375913.95,retailer,expense
TXN-0A7E3B03CC27,2026-05-20T15:22:37,223.88,CREDIT,returns_received,Return from vendor,373454.34,retailer,sale
TXN-E4B6272ABDD3,2026-05-20T15:28:00,264.02,DEBIT,inventory_purchase,Stock order #TXN-DFD7,377079.95,retailer,"expense,inventory_order"
TXN-E3B9BB97AD05,2026-05-20T15:48:43,297.61,CREDIT,bulk_order,Wholesale order,372639.6,retailer,sale
TXN-1F86069549B7,2026-05-20T16:30:40,437.44,CREDIT,product_sales,Counter sale,371815.84,retailer,sale
TXN-4385B6E040AB,2026-05-20T17:34:56,50.52,CREDIT,online_sales,Amazon marketplace,371866.36,retailer,sale
TXN-A59307849DC1,2026-05-20T18:19:46,236.33,CREDIT,returns_received,Return from vendor,372875.93,retailer,sale
TXN-732D1AD9E82B,2026-05-20T20:09:55,391.97,CREDIT,product_sales,In-store sales,376403.28,retailer,sale
TXN-BC6D98AF4F61,2026-05-20T20:34:35,682.11,CREDIT,product_sales,In-store sales,375904.51,retailer,sale
TXN-5DC4FB8C2DAD,2026-05-20T20:54:28,516.99,CREDIT,returns_received,Return from vendor,374443.84,retailer,sale
TXN-87360976E303,2026-05-21T09:07:01,563.38,CREDIT,product_sales,In-store sales,375000.02,retailer,sale
TXN-49615036E2EA,2026-05-21T09:44:44,569.3,CREDIT,online_sales,Shopify order,383287.42,retailer,sale
TXN-ECBE94ECDDC2,2026-05-21T11:14:46,487.22,CREDIT,returns_received,Supplier credit note,384711.81,retailer,sale
TXN-D3926347A83F,2026-05-21T11:41:39,702.15,CREDIT,product_sales,Counter sale,380826.25,retailer,sale
TXN-E256FFA4DE88,2026-05-21T11:59:00,1656.76,DEBIT,logistics,Shipping cost,384263.67,retailer,expense
TXN-E3CD16C1066E,2026-05-21T12:00:44,299.05,CREDIT,bulk_order,Bulk purchase - B2B,377407.62,retailer,sale
TXN-8FE41319F86D,2026-05-21T12:13:17,181.47,CREDIT,product_sales,Walk-in customer,381588.24,retailer,sale
TXN-67C7C3FACB04,2026-05-21T12:16:09,514.99,CREDIT,returns_received,Return from vendor,381353.48,retailer,sale
TXN-062E1EE22681,2026-05-21T12:47:41,591.01,CREDIT,online_sales,Website checkout,384224.59,retailer,sale
TXN-80B413D4748A,2026-05-21T12:50:51,537.68,CREDIT,product_sales,In-store sales,374326.07,retailer,sale
TXN-5C1B78522A64,2026-05-21T12:56:13,110.57,CREDIT,product_sales,Walk-in customer,374436.64,retailer,sale
TXN-B7433360A078,2026-05-21T13:28:52,827.95,CREDIT,returns_received,Supplier credit note,385539.76,retailer,sale
TXN-6D80B52B6C93,2026-05-21T13:35:32,12.24,CREDIT,returns_received,Return from vendor,380838.49,retailer,sale
TXN-2A16C522F5A1,2026-05-21T13:42:33,878.66,CREDIT,product_sales,Counter sale,379016.36,retailer,sale
TXN-B52DA88B5A29,2026-05-21T13:47:18,53.29,CREDIT,online_sales,Online cart,381406.77,retailer,sale
TXN-C0141DB1199B,2026-05-21T13:59:49,327.35,CREDIT,product_sales,Counter sale,378137.7,retailer,sale
TXN-2B3EF2DDD815,2026-05-21T14:03:45,250.68,CREDIT,online_sales,Shopify order,376142.91,retailer,sale
TXN-E9C1FE6D3656,2026-05-21T15:02:49,402.73,CREDIT,online_sales,Shopify order,377810.35,retailer,sale
TXN-3FB34C5BB44C,2026-05-21T15:51:07,327.35,CREDIT,bulk_order,Corporate purchase,375327.37,retailer,sale
TXN-71205B0C403C,2026-05-21T16:53:18,346.16,CREDIT,returns_received,Supplier credit note,383633.58,retailer,sale
TXN-CE9AB75AE501,2026-05-21T17:03:39,474.56,CREDIT,returns_received,Return from vendor,376617.47,retailer,sale
TXN-61C1AF1BEFDD,2026-05-21T17:24:16,564.86,CREDIT,returns_received,Return from vendor,375892.23,retailer,sale
TXN-C75130DB23AA,2026-05-21T17:32:32,551.14,CREDIT,returns_received,Supplier credit note,380124.1,retailer,sale
TXN-C6BA805D8D72,2026-05-21T17:51:43,446.11,CREDIT,product_sales,In-store sales,382034.35,retailer,sale
TXN-41FB6CE7C237,2026-05-21T18:53:17,683.77,CREDIT,returns_received,Supplier credit note,382718.12,retailer,sale
TXN-43CF9FB777CE,2026-05-21T18:56:57,491.1,CREDIT,product_sales,Counter sale,377108.57,retailer,sale
TXN-C0B4425EC388,2026-05-21T19:09:25,380.67,CREDIT,product_sales,Counter sale,385920.43,retailer,sale
TXN-6CA42EB14FA4,2026-05-21T19:10:55,437.82,CREDIT,returns_received,Return from vendor,379572.96,retailer,sale
TXN-D673CEF23108,2026-05-21T20:21:17,118.78,CREDIT,online_sales,Amazon marketplace,379135.14,retailer,sale
TXN-43F28C4E848E,2026-05-22T08:56:38,543.56,CREDIT,product_sales,POS transaction,390166.67,retailer,"sale,peak_day"
TXN-E588E38FBAEF,2026-05-22T08:57:00,1423.49,DEBIT,utilities,Internet bill,390600.74,retailer,expense
TXN-005E329194A7,2026-05-22T09:32:19,541.01,CREDIT,product_sales,Counter sale,384804.68,retailer,"sale,peak_day"
TXN-5F912AE253D0,2026-05-22T09:39:41,405.47,CREDIT,product_sales,Walk-in customer,388469.92,retailer,"sale,peak_day"
TXN-F8F29E5B15F3,2026-05-22T10:35:17,525.02,CREDIT,product_sales,POS transaction,391399.86,retailer,"sale,peak_day"
TXN-4EE5DE3D1A07,2026-05-22T10:47:32,77.97,CREDIT,product_sales,POS transaction,384882.65,retailer,"sale,peak_day"
TXN-7CC1F4648DF4,2026-05-22T11:02:54,350.08,CREDIT,online_sales,Website checkout,390874.84,retailer,"sale,peak_day"
TXN-3A76B800A14F,2026-05-22T12:26:35,637.03,CREDIT,online_sales,Shopify order,386477.6,retailer,"sale,peak_day"
TXN-28674F02C6C1,2026-05-22T12:34:56,549.21,CREDIT,bulk_order,Bulk purchase - B2B,387918.78,retailer,"sale,peak_day"
TXN-10ECFB8250FC,2026-05-22T12:35:36,486.45,CREDIT,bulk_order,Wholesale order,386964.05,retailer,"sale,peak_day"
TXN-536B934DC774,2026-05-22T13:22:00,2085.56,DEBIT,maintenance,Equipment maintenance,387827.37,retailer,expense
TXN-09817067F84A,2026-05-22T13:22:45,865.04,CREDIT,bulk_order,Bulk purchase - B2B,389334.96,retailer,"sale,peak_day"
TXN-632A635289B6,2026-05-22T13:42:44,10.0,CREDIT,product_sales,Counter sale,390176.67,retailer,"sale,peak_day"
TXN-8C8DE5045776,2026-05-22T13:59:00,571.97,DEBIT,maintenance,AC servicing,390028.77,retailer,expense
TXN-5EF413F8778C,2026-05-22T15:29:37,145.67,CREDIT,online_sales,Shopify order,388064.45,retailer,"sale,peak_day"
TXN-F1345C91B1B6,2026-05-22T15:53:00,115.84,DEBIT,marketing,Facebook Ads,389912.93,retailer,expense
TXN-C52AF2DD36CC,2026-05-22T15:53:15,624.37,CREDIT,online_sales,Online cart,392024.23,retailer,"sale,peak_day"
TXN-026C52A6F7CD,2026-05-22T16:43:37,288.15,CREDIT,online_sales,Website checkout,389623.11,retailer,"sale,peak_day"
TXN-8141D44E9306,2026-05-22T17:07:41,405.52,CREDIT,online_sales,Online cart,387369.57,retailer,"sale,peak_day"
TXN-3AA56C48EE4C,2026-05-22T18:55:23,515.71,CREDIT,online_sales,Website checkout,385616.02,retailer,"sale,peak_day"
TXN-6DF94DAE6F42,2026-05-22T19:27:20,217.66,CREDIT,returns_received,Supplier credit note,385100.31,retailer,"sale,peak_day"
TXN-4B0802BB833E,2026-05-22T19:46:17,348.09,CREDIT,returns_received,Supplier credit note,390524.76,retailer,"sale,peak_day"
TXN-63F428BB8034,2026-05-22T20:52:38,224.55,CREDIT,returns_received,Supplier credit note,385840.57,retailer,"sale,peak_day"
TXN-20A46A2FB4CB,2026-05-23T08:50:16,345.15,CREDIT,returns_received,Supplier credit note,403141.87,retailer,"sale,peak_day"
TXN-3619DC6392EC,2026-05-23T08:51:47,687.32,CREDIT,online_sales,Shopify order,410095.74,retailer,"sale,peak_day"
TXN-9414672794E0,2026-05-23T08:52:49,412.63,CREDIT,bulk_order,Corporate purchase,394901.48,retailer,"sale,peak_day"
TXN-0F731C606D9F,2026-05-23T09:07:00,870.93,DEBIT,inventory_purchase,Stock order #TXN-128C,409224.81,retailer,"expense,inventory_order"
TXN-58EF708C5617,2026-05-23T09:08:40,768.19,CREDIT,online_sales,Shopify order,389145.26,retailer,"sale,peak_day"
TXN-6B16C9B104F6,2026-05-23T09:21:57,376.66,CREDIT,returns_received,Return from vendor,394488.85,retailer,"sale,peak_day"
TXN-DB154B1E0C78,2026-05-23T09:23:54,476.07,CREDIT,returns_received,Return from vendor,406940.33,retailer,"sale,peak_day"
TXN-DD09D23AE1FD,2026-05-23T09:26:32,584.72,CREDIT,bulk_order,Wholesale order,395486.2,retailer,"sale,peak_day"
TXN-6FF0EFA2E603,2026-05-23T09:44:02,76.0,CREDIT,online_sales,Website checkout,399515.16,retailer,"sale,peak_day"
TXN-9F7ADE8C44FA,2026-05-23T09:49:57,160.84,CREDIT,online_sales,Amazon marketplace,399676.0,retailer,"sale,peak_day"
TXN-37F2DAB1F24B,2026-05-23T09:52:48,366.76,CREDIT,product_sales,POS transaction,391985.55,retailer,"sale,peak_day"
TXN-EA23B9B09534,2026-05-23T09:53:34,416.74,CREDIT,product_sales,POS transaction,390417.81,retailer,"sale,peak_day"
TXN-3F7B640D90A1,2026-05-23T10:24:40,493.31,CREDIT,product_sales,Walk-in customer,391305.04,retailer,"sale,peak_day"
TXN-A303AD18903E,2026-05-23T10:24:54,531.86,CREDIT,product_sales,Counter sale,392517.41,retailer,"sale,peak_day"
TXN-F46E3A2C6D6F,2026-05-23T11:13:35,470.66,CREDIT,online_sales,Online cart,406068.78,retailer,"sale,peak_day"
TXN-67B261EAE1D5,2026-05-23T12:00:10,393.92,CREDIT,returns_received,Return from vendor,390811.73,retailer,"sale,peak_day"
TXN-1DB503C79152,2026-05-23T12:11:04,547.02,CREDIT,bulk_order,Wholesale order,408586.96,retailer,"sale,peak_day"
TXN-26C17D42FE9B,2026-05-23T12:15:29,484.96,CREDIT,online_sales,Website checkout,394112.19,retailer,"sale,peak_day"
TXN-BA5438DA9383,2026-05-23T12:54:27,594.35,CREDIT,returns_received,Supplier credit note,405598.12,retailer,"sale,peak_day"
TXN-CDC2841BADE1,2026-05-23T12:58:59,415.82,CREDIT,product_sales,POS transaction,409002.78,retailer,"sale,peak_day"
TXN-0356DF142D43,2026-05-23T13:05:51,227.16,CREDIT,returns_received,Return from vendor,397154.63,retailer,"sale,peak_day"
TXN-06BFD6ACAA20,2026-05-23T13:26:44,473.66,CREDIT,online_sales,Online cart,400149.66,retailer,"sale,peak_day"
TXN-67E83533FE90,2026-05-23T13:29:35,842.45,CREDIT,returns_received,Supplier credit note,396340.98,retailer,"sale,peak_day"
TXN-FCEAFE6C942E,2026-05-23T13:34:52,346.83,CREDIT,product_sales,In-store sales,408039.94,retailer,"sale,peak_day"
TXN-01CE57AF3416,2026-05-23T14:04:44,804.43,CREDIT,online_sales,Shopify order,405003.77,retailer,"sale,peak_day"
TXN-E2916589126D,2026-05-23T14:06:59,745.76,CREDIT,product_sales,Walk-in customer,397900.39,retailer,"sale,peak_day"
TXN-BD9D1CB86FEE,2026-05-23T14:35:48,484.97,CREDIT,returns_received,Return from vendor,390001.07,retailer,"sale,peak_day"
TXN-5406F5242CD1,2026-05-23T14:59:10,752.78,CREDIT,online_sales,Website checkout,407693.11,retailer,"sale,peak_day"
TXN-8BA8C9DE1EC5,2026-05-23T15:20:47,313.75,CREDIT,online_sales,Amazon marketplace,391618.79,retailer,"sale,peak_day"
TXN-69BF2C5293A0,2026-05-23T15:43:39,526.1,CREDIT,product_sales,Counter sale,399439.16,retailer,"sale,peak_day"
TXN-E95EF55AF1F2,2026-05-23T16:12:39,395.48,CREDIT,returns_received,Return from vendor,406464.26,retailer,"sale,peak_day"
TXN-A59EACBFBF71,2026-05-23T16:13:24,379.77,CREDIT,product_sales,In-store sales,400936.05,retailer,"sale,peak_day"
TXN-03D598951ED1,2026-05-23T17:19:25,204.36,CREDIT,product_sales,Counter sale,403346.23,retailer,"sale,peak_day"
TXN-33FE5FF67FC6,2026-05-23T17:49:42,586.49,CREDIT,product_sales,Walk-in customer,396927.47,retailer,"sale,peak_day"
TXN-6D74AD536207,2026-05-23T18:01:53,356.04,CREDIT,returns_received,Supplier credit note,404199.34,retailer,"sale,peak_day"
TXN-B740EC7368CC,2026-05-23T18:04:17,590.62,CREDIT,product_sales,POS transaction,402141.43,retailer,"sale,peak_day"
TXN-4ACD8170E0C1,2026-05-23T18:09:51,35.65,CREDIT,returns_received,Supplier credit note,403381.88,retailer,"sale,peak_day"
TXN-7545D563905F,2026-05-23T18:34:24,622.56,CREDIT,returns_received,Supplier credit note,398913.06,retailer,"sale,peak_day"
TXN-70ADC7CF292A,2026-05-23T18:44:39,461.42,CREDIT,returns_received,Supplier credit note,403843.3,retailer,"sale,peak_day"
TXN-FECCC7ABCA0F,2026-05-23T19:16:35,655.29,CREDIT,returns_received,Return from vendor,402796.72,retailer,"sale,peak_day"
TXN-688924ED6E7D,2026-05-23T19:28:00,370.84,CREDIT,returns_received,Supplier credit note,389516.1,retailer,"sale,peak_day"
TXN-76A9811C0A24,2026-05-23T19:33:41,549.7,CREDIT,online_sales,Amazon marketplace,388377.07,retailer,"sale,peak_day"
TXN-0D772DCF8746,2026-05-23T19:34:11,12.33,CREDIT,bulk_order,Wholesale order,395498.53,retailer,"sale,peak_day"
TXN-3C32DA7CC30A,2026-05-23T19:44:26,665.87,CREDIT,online_sales,Shopify order,393627.23,retailer,"sale,peak_day"
TXN-E3F9756D7C4D,2026-05-23T19:46:25,405.64,CREDIT,returns_received,Supplier credit note,409408.42,retailer,"sale,peak_day"
TXN-2FA9AE513F0C,2026-05-23T19:48:08,614.76,CREDIT,bulk_order,Bulk purchase - B2B,401550.81,retailer,"sale,peak_day"
TXN-F1A91B8CD1BD,2026-05-23T20:13:26,443.95,CREDIT,bulk_order,Corporate purchase,392961.36,retailer,"sale,peak_day"
TXN-8A46F003A1CF,2026-05-23T20:46:42,390.11,CREDIT,returns_received,Supplier credit note,398290.5,retailer,"sale,peak_day"
TXN-8179925E7125,2026-05-23T20:55:47,406.62,CREDIT,product_sales,In-store sales,400556.28,retailer,"sale,peak_day"
TXN-88F4E3CA4114,2026-05-24T08:13:37,290.65,CREDIT,returns_received,Return from vendor,410030.46,retailer,"sale,peak_day"
TXN-C16CFBD164D4,2026-05-24T08:37:30,326.9,CREDIT,bulk_order,Corporate purchase,414408.35,retailer,"sale,peak_day"
TXN-64CA9A3A124F,2026-05-24T09:23:00,878.7,DEBIT,marketing,Print marketing,412686.3,retailer,expense
TXN-C8C4156C5EF3,2026-05-24T10:53:21,587.22,CREDIT,returns_received,Return from vendor,411962.13,retailer,"sale,peak_day"
TXN-D85B9FD7FFB4,2026-05-24T11:13:00,843.35,DEBIT,logistics,Shipping cost,413565.0,retailer,expense
TXN-7B450BAA8271,2026-05-24T13:00:25,665.98,CREDIT,bulk_order,Corporate purchase,410696.44,retailer,"sale,peak_day"
TXN-DD6149A15F3C,2026-05-24T13:21:46,514.98,CREDIT,online_sales,Online cart,413532.2,retailer,"sale,peak_day"
TXN-0643896F542F,2026-05-24T15:45:16,410.29,CREDIT,product_sales,In-store sales,412372.42,retailer,"sale,peak_day"
TXN-8A364D6D47B3,2026-05-24T16:03:10,296.41,CREDIT,returns_received,Supplier credit note,414081.45,retailer,"sale,peak_day"
TXN-53063017423A,2026-05-24T16:30:58,626.45,CREDIT,returns_received,Return from vendor,411374.91,retailer,"sale,peak_day"
TXN-5E7847BC560F,2026-05-24T16:35:36,152.55,CREDIT,returns_received,Supplier credit note,413017.22,retailer,"sale,peak_day"
TXN-658A8B5D24BD,2026-05-24T16:47:56,492.25,CREDIT,product_sales,Counter sale,412864.67,retailer,"sale,peak_day"
TXN-A85E4A87F55F,2026-05-24T18:14:31,252.84,CREDIT,returns_received,Return from vendor,413785.04,retailer,"sale,peak_day"
TXN-289E73A50D4A,2026-05-24T18:46:01,52.02,CREDIT,bulk_order,Bulk purchase - B2B,410748.46,retailer,"sale,peak_day"
TXN-833E9613A918,2026-05-24T19:35:04,515.0,CREDIT,bulk_order,Wholesale order,409739.81,retailer,"sale,peak_day"
TXN-B5AA70E7465D,2026-05-25T08:33:00,803.76,DEBIT,inventory_purchase,Stock order #TXN-A792,419110.47,retailer,"expense,inventory_order"
TXN-F261D4FC34A4,2026-05-25T08:58:58,283.78,CREDIT,returns_received,Return from vendor,414624.25,retailer,sale
TXN-D54DFC91AACA,2026-05-25T09:11:46,358.97,CREDIT,product_sales,Counter sale,420843.99,retailer,sale
TXN-6CEB05F23513,2026-05-25T09:18:17,128.8,CREDIT,online_sales,Online cart,413425.33,retailer,sale
TXN-5B264C40EC08,2026-05-25T09:46:02,679.8,CREDIT,bulk_order,Bulk purchase - B2B,416033.1,retailer,sale
TXN-DD556287904A,2026-05-25T09:55:00,396.79,CREDIT,online_sales,Website checkout,420485.02,retailer,sale
TXN-AF58CB89F6C3,2026-05-25T11:28:41,359.54,CREDIT,returns_received,Return from vendor,418362.45,retailer,sale
TXN-2D418EFD6878,2026-05-25T11:29:41,763.66,CREDIT,product_sales,Walk-in customer,418002.91,retailer,sale
TXN-4AC67B7C8B66,2026-05-25T11:35:20,610.23,CREDIT,online_sales,Website checkout,413296.53,retailer,sale
TXN-94F0C81B674E,2026-05-25T11:47:07,229.52,CREDIT,bulk_order,Corporate purchase,421073.51,retailer,sale
TXN-76A2FBD61EF5,2026-05-25T12:48:09,530.94,CREDIT,product_sales,POS transaction,418893.39,retailer,sale
TXN-8D5C802B75FD,2026-05-25T13:14:32,699.18,CREDIT,bulk_order,Bulk purchase - B2B,420088.23,retailer,sale
TXN-738E9335FA48,2026-05-25T13:18:37,343.68,CREDIT,bulk_order,Wholesale order,413769.01,retailer,sale
TXN-D30679628982,2026-05-25T13:29:45,534.59,CREDIT,online_sales,Online cart,417239.25,retailer,sale
TXN-A54EB52F52D1,2026-05-25T14:09:23,433.3,CREDIT,product_sales,Counter sale,415353.3,retailer,sale
TXN-8B13F2045394,2026-05-25T14:37:00,1159.28,DEBIT,logistics,Last-mile delivery,419914.23,retailer,expense
TXN-A793EAC605AC,2026-05-25T15:57:51,495.66,CREDIT,bulk_order,Corporate purchase,419389.05,retailer,sale
TXN-C1047EF76735,2026-05-25T18:59:00,725.13,DEBIT,logistics,Shipping cost,418385.34,retailer,expense
TXN-B102C8B6B889,2026-05-25T18:59:40,571.46,CREDIT,product_sales,Walk-in customer,414340.47,retailer,sale
TXN-BC78CBF7B204,2026-05-25T19:09:18,671.56,CREDIT,online_sales,Amazon marketplace,416704.66,retailer,sale
TXN-9CA98EF034EA,2026-05-25T19:24:14,295.75,CREDIT,returns_received,Supplier credit note,414920.0,retailer,sale
TXN-73D2326478E6,2026-05-26T08:08:15,277.27,CREDIT,online_sales,Amazon marketplace,420742.19,retailer,sale
TXN-2226B4ECAA4F,2026-05-26T08:12:34,442.85,CREDIT,product_sales,Counter sale,423484.59,retailer,sale
TXN-6C2BC4B2C9FE,2026-05-26T08:13:15,469.73,CREDIT,online_sales,Website checkout,424920.82,retailer,sale
TXN-05C726649B13,2026-05-26T10:26:56,569.0,CREDIT,bulk_order,Wholesale order,423041.74,retailer,sale
TXN-5026BBE906AE,2026-05-26T10:41:00,237.69,DEBIT,marketing,Facebook Ads,424683.13,retailer,expense
TXN-2C5523E83178,2026-05-26T10:48:36,384.69,CREDIT,product_sales,POS transaction,423869.28,retailer,sale
TXN-C64F371A1FFC,2026-05-26T13:15:18,1076.67,CREDIT,returns_received,Return from vendor,421818.86,retailer,sale
TXN-59B1AD3AFA75,2026-05-26T13:18:15,587.1,CREDIT,product_sales,In-store sales,420464.92,retailer,sale
TXN-09EB83027283,2026-05-26T13:41:44,282.48,CREDIT,online_sales,Online cart,422101.34,retailer,sale
TXN-69FCED517EF0,2026-05-26T14:05:00,365.32,CREDIT,returns_received,Supplier credit note,424234.6,retailer,sale
TXN-6F6AC9DBCE49,2026-05-26T14:47:07,371.4,CREDIT,online_sales,Online cart,422472.74,retailer,sale
TXN-8BEFCD467B5D,2026-05-26T16:39:07,66.01,CREDIT,online_sales,Online cart,418451.35,retailer,sale
TXN-56CC52632FC8,2026-05-26T17:29:39,272.11,CREDIT,online_sales,Amazon marketplace,419877.82,retailer,sale
TXN-90ACC524ACAF,2026-05-26T17:55:57,459.72,CREDIT,online_sales,Online cart,419605.71,retailer,sale
TXN-BDDB7E79AE83,2026-05-26T20:03:55,694.64,CREDIT,online_sales,Amazon marketplace,419145.99,retailer,sale
TXN-9364222E534B,2026-05-26T20:19:38,216.49,CREDIT,online_sales,Online cart,424451.09,retailer,sale
TXN-32DAE3A8A829,2026-05-27T08:23:14,523.22,CREDIT,online_sales,Online cart,425861.72,retailer,sale
TXN-AB5BA0A9094E,2026-05-27T10:08:59,603.61,CREDIT,returns_received,Return from vendor,428396.86,retailer,sale
TXN-F0946667A5C0,2026-05-27T10:10:00,1240.55,DEBIT,maintenance,AC servicing,435790.68,retailer,expense
TXN-528B81306A0C,2026-05-27T10:17:20,350.9,CREDIT,bulk_order,Bulk purchase - B2B,431242.52,retailer,sale
TXN-6D8A007FE7D0,2026-05-27T10:31:16,191.51,CREDIT,product_sales,In-store sales,428588.37,retailer,sale
TXN-C555481CCF23,2026-05-27T11:41:24,401.95,CREDIT,returns_received,Return from vendor,433836.11,retailer,sale
TXN-20355DB607E6,2026-05-27T12:10:42,154.24,CREDIT,returns_received,Supplier credit note,436006.4,retailer,sale
TXN-E527BE59A9E1,2026-05-27T12:59:43,231.33,CREDIT,bulk_order,Bulk purchase - B2B,427721.02,retailer,sale
TXN-9B8919E1B9BB,2026-05-27T13:25:33,312.42,CREDIT,returns_received,Supplier credit note,424995.55,retailer,sale
TXN-713694807077,2026-05-27T13:26:08,382.14,CREDIT,returns_received,Return from vendor,437031.23,retailer,sale
TXN-863B5DDDA1EA,2026-05-27T13:47:08,342.95,CREDIT,product_sales,Walk-in customer,425338.5,retailer,sale
TXN-DD4E9184D4DF,2026-05-27T14:10:36,734.88,CREDIT,bulk_order,Bulk purchase - B2B,433157.08,retailer,sale
TXN-3A2A42289834,2026-05-27T14:11:47,492.87,CREDIT,returns_received,Return from vendor,430891.62,retailer,sale
TXN-886B0BFC9933,2026-05-27T14:22:00,526.27,DEBIT,maintenance,Equipment maintenance,435264.41,retailer,expense
TXN-91D2FB1EDBF8,2026-05-27T14:46:49,555.3,CREDIT,returns_received,Supplier credit note,429789.91,retailer,sale
TXN-3AD32BE11F0B,2026-05-27T14:49:42,607.51,CREDIT,returns_received,Supplier credit note,435852.16,retailer,sale
TXN-F1F30DF003C7,2026-05-27T14:56:27,691.65,CREDIT,online_sales,Shopify order,427489.69,retailer,sale
TXN-E2A19454CBEF,2026-05-27T14:57:16,316.03,CREDIT,returns_received,Return from vendor,426177.75,retailer,sale
TXN-3E190AB52592,2026-05-27T15:55:33,642.69,CREDIT,bulk_order,Bulk purchase - B2B,436649.09,retailer,sale
TXN-B8BB155D68BF,2026-05-27T16:25:21,296.41,CREDIT,product_sales,Walk-in customer,431538.93,retailer,sale
TXN-D1CD8E73BB55,2026-05-27T16:32:14,277.08,CREDIT,bulk_order,Corporate purchase,433434.16,retailer,sale
TXN-7576B98FAB2A,2026-05-27T16:34:23,646.24,CREDIT,returns_received,Supplier credit note,429234.61,retailer,sale
TXN-C338B92D1500,2026-05-27T16:43:00,1695.53,DEBIT,utilities,Internet bill,433568.88,retailer,expense
TXN-A7A180736D3A,2026-05-27T17:14:00,73.81,CREDIT,online_sales,Online cart,435244.65,retailer,sale
TXN-2DEA62C23935,2026-05-27T17:47:06,142.05,CREDIT,online_sales,Amazon marketplace,430398.75,retailer,sale
TXN-5D00A3C5761E,2026-05-27T18:35:29,883.27,CREDIT,product_sales,In-store sales,432422.2,retailer,sale
TXN-26FF06986DD5,2026-05-27T18:39:43,410.11,CREDIT,online_sales,Shopify order,434246.22,retailer,sale
TXN-6652B6868621,2026-05-27T19:06:04,372.9,CREDIT,returns_received,Supplier credit note,426550.65,retailer,sale
TXN-32889A84A8A3,2026-05-27T19:42:38,72.23,CREDIT,returns_received,Supplier credit note,427793.25,retailer,sale
TXN-A2D2F3FD3B2E,2026-05-27T19:53:09,437.25,CREDIT,product_sales,In-store sales,430227.16,retailer,sale
TXN-49F51D987D1F,2026-05-27T20:17:10,29.54,CREDIT,product_sales,POS transaction,430256.7,retailer,sale
TXN-2761C2A893A9,2026-05-27T20:23:11,506.59,CREDIT,bulk_order,Wholesale order,434752.81,retailer,sale
TXN-1518B67FC604,2026-05-27T20:25:07,247.39,CREDIT,online_sales,Shopify order,426798.04,retailer,sale
TXN-349BC49F5D76,2026-05-27T20:57:02,418.03,CREDIT,bulk_order,Bulk purchase - B2B,435170.84,retailer,sale
TXN-BF4E738780D5,2026-05-28T08:34:08,24.36,CREDIT,online_sales,Online cart,435485.65,retailer,sale
TXN-32D1B18FA6B0,2026-05-28T09:23:47,190.88,CREDIT,online_sales,Amazon marketplace,435840.95,retailer,sale
TXN-E29A742B7E03,2026-05-28T10:24:18,214.64,CREDIT,bulk_order,Bulk purchase - B2B,434340.46,retailer,sale
TXN-75D47BF460C3,2026-05-28T10:29:57,370.28,CREDIT,online_sales,Online cart,435461.29,retailer,sale
TXN-5DB58C2B134C,2026-05-28T10:54:48,164.42,CREDIT,returns_received,Supplier credit note,435650.07,retailer,sale
TXN-EA6810926AC3,2026-05-28T14:52:00,1297.33,DEBIT,maintenance,AC servicing,434543.62,retailer,expense
TXN-A08B352A3134,2026-05-28T14:53:23,750.55,CREDIT,bulk_order,Bulk purchase - B2B,435091.01,retailer,sale
TXN-D10213CFF055,2026-05-28T17:38:08,556.94,CREDIT,bulk_order,Wholesale order,434125.82,retailer,sale
TXN-8A8881C178EE,2026-05-29T09:45:18,85.13,CREDIT,online_sales,Amazon marketplace,435936.07,retailer,"sale,peak_day"
TXN-E80B72C9D7F4,2026-05-29T11:22:00,463.84,DEBIT,marketing,Google Ads,433771.75,retailer,expense
TXN-79A28D26C270,2026-05-29T13:32:00,86.2,DEBIT,maintenance,Plumbing repair,433685.55,retailer,expense
TXN-8DFB0829EE11,2026-05-29T16:33:00,373.48,DEBIT,marketing,Facebook Ads,434235.59,retailer,expense
TXN-6481A10D15DE,2026-05-29T16:35:00,1327.0,DEBIT,logistics,Shipping cost,434609.07,retailer,expense
TXN-C9937593C675,2026-05-29T18:34:45,275.99,CREDIT,product_sales,Counter sale,434819.61,retailer,"sale,peak_day"
TXN-3AE94FFD238C,2026-05-29T20:09:23,463.84,CREDIT,online_sales,Amazon marketplace,435850.94,retailer,"sale,peak_day"
TXN-CFF6B6D00815,2026-05-29T20:21:43,567.49,CREDIT,bulk_order,Wholesale order,435387.1,retailer,"sale,peak_day"
TXN-DA36359A50E0,2026-05-30T08:48:02,451.62,CREDIT,product_sales,In-store sales,443972.79,retailer,"sale,peak_day"
TXN-CA916872C554,2026-05-30T09:31:24,422.59,CREDIT,product_sales,Counter sale,439736.43,retailer,"sale,peak_day"
TXN-DC253FDC0309,2026-05-30T10:01:59,664.51,CREDIT,product_sales,In-store sales,441465.96,retailer,"sale,peak_day"
TXN-8E0FF3F370B7,2026-05-30T10:51:40,52.9,CREDIT,returns_received,Return from vendor,442817.1,retailer,"sale,peak_day"
TXN-BAA3982A4B6B,2026-05-30T11:33:27,588.0,CREDIT,returns_received,Return from vendor,434286.51,retailer,"sale,peak_day"
TXN-7A9345CAC788,2026-05-30T11:39:20,619.1,CREDIT,online_sales,Amazon marketplace,446324.81,retailer,"sale,peak_day"
TXN-F24B001E88E9,2026-05-30T11:44:58,363.62,CREDIT,returns_received,Supplier credit note,438236.61,retailer,"sale,peak_day"
TXN-2E330F69D022,2026-05-30T11:46:12,305.15,CREDIT,online_sales,Website checkout,436033.01,retailer,"sale,peak_day"
TXN-73264AE5D42A,2026-05-30T12:51:50,582.8,CREDIT,bulk_order,Corporate purchase,440801.45,retailer,"sale,peak_day"
TXN-C9515252F7DD,2026-05-30T12:52:54,334.42,CREDIT,bulk_order,Wholesale order,444846.43,retailer,"sale,peak_day"
TXN-07711E649F0E,2026-05-30T12:53:00,1206.35,DEBIT,marketing,Facebook Ads,445892.65,retailer,expense
TXN-7AAA9E5C6E68,2026-05-30T13:04:56,465.76,CREDIT,returns_received,Return from vendor,444438.55,retailer,"sale,peak_day"
TXN-78C85B8723A2,2026-05-30T13:06:52,46.09,CREDIT,bulk_order,Wholesale order,436632.42,retailer,"sale,peak_day"
TXN-1E3407BC8D3E,2026-05-30T13:17:19,508.55,CREDIT,bulk_order,Corporate purchase,446833.36,retailer,"sale,peak_day"
TXN-507604B4F6C3,2026-05-30T14:08:31,215.33,CREDIT,bulk_order,Bulk purchase - B2B,437872.99,retailer,"sale,peak_day"
TXN-BEC77CD9C29D,2026-05-30T14:10:50,579.92,CREDIT,online_sales,Online cart,442764.2,retailer,"sale,peak_day"
TXN-724C81CFB7E5,2026-05-30T14:30:11,553.32,CREDIT,bulk_order,Bulk purchase - B2B,436586.33,retailer,"sale,peak_day"
TXN-7A33ABF512A7,2026-05-30T15:04:40,12.96,CREDIT,returns_received,Supplier credit note,433698.51,retailer,"sale,peak_day"
TXN-9ECEF58529F9,2026-05-30T15:47:51,684.65,CREDIT,returns_received,Return from vendor,434971.16,retailer,"sale,peak_day"
TXN-9B3CAD4149D3,2026-05-30T16:06:58,265.64,CREDIT,product_sales,Walk-in customer,447099.0,retailer,"sale,peak_day"
TXN-9A65BDD6EDA9,2026-05-30T16:25:45,331.19,CREDIT,online_sales,Shopify order,442184.28,retailer,"sale,peak_day"
TXN-0255EC3FB725,2026-05-30T17:29:16,228.15,CREDIT,returns_received,Supplier credit note,435727.86,retailer,"sale,peak_day"
TXN-30C790C6051D,2026-05-30T17:48:54,482.22,CREDIT,bulk_order,Corporate purchase,440218.65,retailer,"sale,peak_day"
TXN-D6E72A316AF7,2026-05-30T17:52:42,27.91,CREDIT,online_sales,Shopify order,436920.46,retailer,"sale,peak_day"
TXN-A19F6A97FF9A,2026-05-30T17:54:08,439.54,CREDIT,bulk_order,Wholesale order,445285.97,retailer,"sale,peak_day"
TXN-22D45C092802,2026-05-30T18:51:28,387.13,CREDIT,online_sales,Amazon marketplace,441853.09,retailer,"sale,peak_day"
TXN-134E9B617EB4,2026-05-30T19:11:40,691.47,CREDIT,returns_received,Return from vendor,439313.84,retailer,"sale,peak_day"
TXN-DAE1696BEE45,2026-05-30T19:23:28,528.55,CREDIT,returns_received,Return from vendor,435499.71,retailer,"sale,peak_day"
TXN-A863A6E752B9,2026-05-30T19:30:45,419.74,CREDIT,online_sales,Shopify order,445705.71,retailer,"sale,peak_day"
TXN-17010B5BD8D3,2026-05-30T19:56:24,73.46,CREDIT,returns_received,Return from vendor,444512.01,retailer,"sale,peak_day"
TXN-A432D3CEA4D8,2026-05-30T20:01:42,385.76,CREDIT,online_sales,Amazon marketplace,438622.37,retailer,"sale,peak_day"
TXN-32186455B64A,2026-05-30T20:13:50,260.13,CREDIT,returns_received,Supplier credit note,436892.55,retailer,"sale,peak_day"
TXN-9BA045748A72,2026-05-30T20:32:51,737.2,CREDIT,bulk_order,Wholesale order,437657.66,retailer,"sale,peak_day"
TXN-D3109D5986BC,2026-05-30T20:52:47,704.07,CREDIT,online_sales,Online cart,443521.17,retailer,"sale,peak_day"
TXN-191F620A9CF4,2026-05-31T08:55:46,349.88,CREDIT,returns_received,Return from vendor,448719.88,retailer,"sale,peak_day"
TXN-A7702C26B27B,2026-05-31T10:10:57,527.79,CREDIT,bulk_order,Corporate purchase,451369.49,retailer,"sale,peak_day"
TXN-CE70D40C137C,2026-05-31T10:22:01,569.62,CREDIT,product_sales,POS transaction,448009.1,retailer,"sale,peak_day"
TXN-5A45C2546FF5,2026-05-31T10:42:51,463.2,CREDIT,product_sales,POS transaction,450160.75,retailer,"sale,peak_day"
TXN-34D3AFD55F41,2026-05-31T11:26:25,360.9,CREDIT,returns_received,Return from vendor,448370.0,retailer,"sale,peak_day"
TXN-4454AA2C00F7,2026-05-31T11:39:34,301.85,CREDIT,bulk_order,Wholesale order,447439.48,retailer,"sale,peak_day"
TXN-A3B51158F8CC,2026-05-31T12:06:07,376.43,CREDIT,returns_received,Return from vendor,450537.18,retailer,"sale,peak_day"
TXN-5FEEFAC995B8,2026-05-31T14:12:00,80.75,DEBIT,logistics,Last-mile delivery,450573.53,retailer,expense
TXN-860AFE1A0189,2026-05-31T14:29:36,407.12,CREDIT,online_sales,Shopify order,446299.77,retailer,"sale,peak_day"
TXN-596CBCE73F77,2026-05-31T14:40:35,490.26,CREDIT,bulk_order,Wholesale order,449210.14,retailer,"sale,peak_day"
TXN-DA52CEB986E8,2026-05-31T15:54:00,1295.89,DEBIT,inventory_purchase,Stock order #TXN-2D38,450654.28,retailer,"expense,inventory_order"
TXN-19682F0C869C,2026-05-31T16:20:46,394.33,CREDIT,online_sales,Amazon marketplace,446694.1,retailer,"sale,peak_day"
TXN-CB916AA601DB,2026-05-31T17:42:43,580.68,CREDIT,product_sales,In-store sales,451950.17,retailer,"sale,peak_day"
TXN-5CDB4905ED4F,2026-05-31T17:49:00,1498.79,DEBIT,logistics,Courier charges,449074.74,retailer,expense
TXN-82C1ECC7A862,2026-05-31T19:07:45,487.41,CREDIT,returns_received,Supplier credit note,449697.55,retailer,"sale,peak_day"
TXN-9CDC621FCBB9,2026-05-31T20:31:34,443.53,CREDIT,returns_received,Supplier credit note,447137.63,retailer,"sale,peak_day"
TXN-885A744CB031,2026-05-31T20:40:32,304.52,CREDIT,returns_received,Supplier credit note,450841.7,retailer,"sale,peak_day"
TXN-C790EB84CE0B,2026-06-01T01:23:00,2999.0,DEBIT,subscriptions,Shopify subscription,273350.8,retailer,"subscription,recurring"
TXN-C0CCD2DA9B40,2026-06-01T08:05:52,347.64,CREDIT,returns_received,Return from vendor,279332.36,retailer,sale
TXN-98D80EC255E4,2026-06-01T08:15:20,791.03,CREDIT,returns_received,Supplier credit note,276719.88,retailer,sale
TXN-6D1EFFB56711,2026-06-01T08:51:56,465.67,CREDIT,online_sales,Amazon marketplace,278984.72,retailer,sale
TXN-652E63C38481,2026-06-01T09:16:44,565.62,CREDIT,bulk_order,Corporate purchase,272543.09,retailer,sale
TXN-BE5B976F1968,2026-06-01T09:31:47,207.1,CREDIT,returns_received,Supplier credit note,273977.48,retailer,sale
TXN-255B51271290,2026-06-01T10:09:09,526.07,CREDIT,product_sales,POS transaction,277509.3,retailer,sale
TXN-0CA88A175B5F,2026-06-01T10:22:16,263.35,CREDIT,product_sales,Walk-in customer,276983.23,retailer,sale
TXN-5B48B8DFA54F,2026-06-01T10:27:48,452.69,CREDIT,bulk_order,Wholesale order,275928.85,retailer,sale
TXN-F9291275AD29,2026-06-01T10:51:00,45322.16,DEBIT,rent,Rent - Jun 2026,403752.58,retailer,"recurring,fixed_cost"
TXN-CC4265F5E673,2026-06-01T11:14:09,842.77,CREDIT,online_sales,Shopify order,273770.38,retailer,sale
TXN-F235BCC701B9,2026-06-01T11:52:59,385.3,CREDIT,online_sales,Amazon marketplace,270238.1,retailer,sale
TXN-785EB26774F9,2026-06-01T12:14:46,323.97,CREDIT,returns_received,Return from vendor,271977.47,retailer,sale
TXN-42DCD058BD13,2026-06-01T13:05:31,446.71,CREDIT,online_sales,Amazon marketplace,271042.89,retailer,sale
TXN-EA2F1CC23C15,2026-06-01T13:18:29,491.18,CREDIT,online_sales,Amazon marketplace,278000.48,retailer,sale
TXN-6C59D644CB4D,2026-06-01T13:29:46,518.57,CREDIT,returns_received,Return from vendor,278519.05,retailer,sale
TXN-C57C97C31091,2026-06-01T13:34:00,120.13,DEBIT,logistics,Shipping cost,279632.49,retailer,expense
TXN-FBFD36201509,2026-06-01T14:56:07,384.52,CREDIT,bulk_order,Bulk purchase - B2B,272927.61,retailer,sale
TXN-DD2268448528,2026-06-01T15:54:31,741.32,CREDIT,bulk_order,Bulk purchase - B2B,275476.16,retailer,sale
TXN-A9CCADC4451F,2026-06-01T16:20:54,610.61,CREDIT,bulk_order,Wholesale order,271653.5,retailer,sale
TXN-5CEA7B9A9704,2026-06-01T16:38:34,358.08,CREDIT,online_sales,Website checkout,270596.18,retailer,sale
TXN-0951B3CC4A33,2026-06-01T17:29:50,420.26,CREDIT,bulk_order,Corporate purchase,279752.62,retailer,sale
TXN-C5A710BF7B64,2026-06-01T20:31:46,757.36,CREDIT,online_sales,Shopify order,274734.84,retailer,sale
TXN-09D99E4348B2,2026-06-05T09:38:00,1807.44,DEBIT,pos_fees,Pos Fees - Jun 2026,276349.8,retailer,"recurring,fixed_cost"
TXN-52792BB86548,2026-06-10T04:20:00,1499.0,DEBIT,subscriptions,QuickBooks subscription,271851.8,retailer,"subscription,recurring"
TXN-2DC6596C502C,2026-06-15T10:43:00,3437.62,DEBIT,insurance,Insurance - Jun 2026,278157.24,retailer,"recurring,fixed_cost"
TXN-F254C1D48191,2026-06-20T04:52:00,799.0,DEBIT,subscriptions,Slack subscription,271052.8,retailer,"subscription,recurring"
TXN-3FA2FDDA5183,2026-06-25T06:17:00,1200.0,DEBIT,subscriptions,Google Workspace subscription,269852.8,retailer,"subscription,recurring"
TXN-CEB14F43ECD8,2026-06-28T10:11:00,122157.72,DEBIT,salaries,Salaries - Jun 2026,281594.86,retailer,"recurring,fixed_cost"
TXN-66FCE7AC61D3,2026-06-02T09:20:00,1962.92,DEBIT,maintenance,Plumbing repair,286555.15,retailer,expense
TXN-178397F9419F,2026-06-02T09:28:42,116.27,CREDIT,bulk_order,Corporate purchase,287493.78,retailer,sale
TXN-4E6C53DB774C,2026-06-02T10:26:00,1425.49,DEBIT,maintenance,Equipment maintenance,285129.66,retailer,expense
TXN-154BE79F9FFD,2026-06-02T11:07:08,373.89,CREDIT,bulk_order,Corporate purchase,283238.72,retailer,sale
TXN-6E352DEB656A,2026-06-02T11:22:53,240.12,CREDIT,product_sales,In-store sales,287733.9,retailer,sale
TXN-48F3F41DEF4A,2026-06-02T11:43:58,137.19,CREDIT,online_sales,Online cart,285731.71,retailer,sale
TXN-EBB53BEDFB9E,2026-06-02T12:43:58,305.21,CREDIT,returns_received,Supplier credit note,281111.34,retailer,sale
TXN-12D171DE58AA,2026-06-02T12:44:21,555.42,CREDIT,online_sales,Online cart,280806.13,retailer,sale
TXN-16FC4051B5AC,2026-06-02T13:18:00,611.15,DEBIT,utilities,Water bill,288518.07,retailer,expense
TXN-277B1F671CE4,2026-06-02T13:22:51,497.47,CREDIT,returns_received,Return from vendor,284414.63,retailer,sale
TXN-6DCE65DD4CD2,2026-06-02T13:51:13,642.43,CREDIT,bulk_order,Wholesale order,283881.15,retailer,sale
TXN-8D0C118AC8B1,2026-06-02T14:03:21,891.13,CREDIT,returns_received,Supplier credit note,282864.83,retailer,sale
TXN-2C604435E0DF,2026-06-02T15:00:15,464.76,CREDIT,product_sales,In-store sales,281576.1,retailer,sale
TXN-C5AB9A5189E3,2026-06-02T15:33:36,618.22,CREDIT,online_sales,Online cart,280250.71,retailer,sale
TXN-3FA69B8F56FE,2026-06-02T15:51:55,334.13,CREDIT,online_sales,Online cart,284748.76,retailer,sale
TXN-9B9765CA8A4C,2026-06-02T16:26:34,792.6,CREDIT,returns_received,Return from vendor,286524.31,retailer,sale
TXN-79CDF814777D,2026-06-02T17:11:47,294.19,CREDIT,online_sales,Shopify order,285594.52,retailer,sale
TXN-10F6DB0E5A6F,2026-06-02T17:36:54,36.01,CREDIT,product_sales,POS transaction,283917.16,retailer,sale
TXN-EC4F63B3BF70,2026-06-02T19:26:02,369.72,CREDIT,online_sales,Website checkout,288610.85,retailer,sale
TXN-92A25AA97D12,2026-06-02T19:41:18,507.23,CREDIT,online_sales,Amazon marketplace,288241.13,retailer,sale
TXN-3F9B13B1AB59,2026-06-02T19:51:09,853.2,CREDIT,bulk_order,Wholesale order,287377.51,retailer,sale
TXN-E8A66ED19281,2026-06-02T19:57:24,518.37,CREDIT,online_sales,Shopify order,289129.22,retailer,sale
TXN-FBB96DD462A6,2026-06-02T19:58:16,551.57,CREDIT,online_sales,Amazon marketplace,285300.33,retailer,sale
TXN-8DE61D5E5F71,2026-06-02T20:17:11,397.6,CREDIT,online_sales,Amazon marketplace,281973.7,retailer,sale
TXN-F2215CA6A6C7,2026-06-03T02:58:00,199.0,DEBIT,subscriptions,SMS gateway monthly (auto-charge),291099.64,retailer,"hidden_cost,subscription"
TXN-903A14927D42,2026-06-03T08:54:45,433.57,CREDIT,returns_received,Supplier credit note,285563.23,retailer,sale
TXN-5C8EDE33FEC5,2026-06-03T09:41:00,664.73,DEBIT,logistics,Last-mile delivery,291298.64,retailer,expense
TXN-04DC43A19463,2026-06-03T10:24:14,319.17,CREDIT,returns_received,Supplier credit note,287703.3,retailer,sale
TXN-066575C254AA,2026-06-03T11:11:56,604.83,CREDIT,online_sales,Shopify order,288818.54,retailer,sale
TXN-EDF132E1877E,2026-06-03T11:48:44,59.7,CREDIT,bulk_order,Wholesale order,288878.24,retailer,sale
TXN-54D49B2E374B,2026-06-03T14:03:24,602.72,CREDIT,product_sales,Walk-in customer,292053.72,retailer,sale
TXN-E5BB831E7143,2026-06-03T14:15:05,837.87,CREDIT,online_sales,Online cart,287384.13,retailer,sale
TXN-7C68EA957EF3,2026-06-03T14:19:06,488.74,CREDIT,returns_received,Supplier credit note,292542.46,retailer,sale
TXN-D8FF05455907,2026-06-03T15:33:43,220.2,CREDIT,online_sales,Amazon marketplace,290922.62,retailer,sale
TXN-9528CF7F5C1A,2026-06-03T16:00:53,548.74,CREDIT,online_sales,Shopify order,290068.78,retailer,sale
TXN-174C27F1B551,2026-06-03T16:17:09,415.69,CREDIT,bulk_order,Corporate purchase,290702.42,retailer,sale
TXN-D0562125B366,2026-06-03T16:27:07,307.85,CREDIT,online_sales,Website checkout,292850.31,retailer,sale
TXN-32ED52239D26,2026-06-03T16:48:00,886.94,DEBIT,utilities,Water bill,291963.37,retailer,expense
TXN-1144A376BCDB,2026-06-03T17:28:55,510.41,CREDIT,product_sales,POS transaction,288213.71,retailer,sale
TXN-9F8C31244D3F,2026-06-03T17:41:40,641.8,CREDIT,online_sales,Amazon marketplace,289520.04,retailer,sale
TXN-E6F3F4FA3B6C,2026-06-03T18:25:06,217.95,CREDIT,product_sales,In-store sales,290286.73,retailer,sale
TXN-681F0C4942A8,2026-06-03T19:52:03,411.9,CREDIT,returns_received,Supplier credit note,286546.26,retailer,sale
TXN-6DF31AB5B29F,2026-06-03T20:03:38,571.13,CREDIT,bulk_order,Wholesale order,286134.36,retailer,sale
TXN-CEB81FAE9EB6,2026-06-03T20:57:25,528.38,CREDIT,online_sales,Website checkout,291451.0,retailer,sale
TXN-EB7DF1DC1E63,2026-06-04T08:44:52,334.75,CREDIT,returns_received,Supplier credit note,299387.4,retailer,sale
TXN-FFAA6E74D120,2026-06-04T09:45:29,172.75,CREDIT,bulk_order,Bulk purchase - B2B,306286.75,retailer,sale
TXN-6602AB13CB35,2026-06-04T10:08:09,464.51,CREDIT,bulk_order,Bulk purchase - B2B,295559.49,retailer,sale
TXN-E973D5B29C64,2026-06-04T10:38:28,510.18,CREDIT,online_sales,Amazon marketplace,300541.28,retailer,sale
TXN-C125AE120224,2026-06-04T10:54:37,543.58,CREDIT,product_sales,Walk-in customer,301084.86,retailer,sale
TXN-356F16E315C5,2026-06-04T11:01:27,552.16,CREDIT,bulk_order,Bulk purchase - B2B,305357.72,retailer,sale
TXN-1BE7AC48319B,2026-06-04T11:18:50,908.5,CREDIT,product_sales,POS transaction,301993.36,retailer,sale
TXN-01F27B351BE3,2026-06-04T12:08:55,560.13,CREDIT,bulk_order,Corporate purchase,291659.77,retailer,sale
TXN-AF7DF6D466D9,2026-06-04T12:24:17,591.11,CREDIT,online_sales,Shopify order,304243.38,retailer,sale
TXN-EC67D2B55930,2026-06-04T13:52:09,562.18,CREDIT,bulk_order,Bulk purchase - B2B,304805.56,retailer,sale
TXN-666D06898806,2026-06-04T14:02:06,508.17,CREDIT,returns_received,Supplier credit note,292553.07,retailer,sale
TXN-09F949234C3A,2026-06-04T14:28:54,643.7,CREDIT,returns_received,Supplier credit note,300031.1,retailer,sale
TXN-773DB00C1C77,2026-06-04T14:32:43,453.07,CREDIT,returns_received,Supplier credit note,294478.27,retailer,sale
TXN-BCD9F4DE347A,2026-06-04T14:35:13,223.84,CREDIT,returns_received,Supplier credit note,297774.23,retailer,sale
TXN-456EA5CDD645,2026-06-04T14:47:08,280.42,CREDIT,online_sales,Online cart,302501.62,retailer,sale
TXN-BE2FA6207816,2026-06-04T14:49:06,826.56,CREDIT,returns_received,Return from vendor,307113.31,retailer,sale
TXN-8AB518D03013,2026-06-04T15:48:03,526.18,CREDIT,product_sales,Walk-in customer,296650.46,retailer,sale
TXN-838B4E8A1026,2026-06-04T17:02:11,581.58,CREDIT,returns_received,Supplier credit note,298355.81,retailer,sale
TXN-2C4DB99FAC3E,2026-06-04T17:05:00,1690.12,DEBIT,utilities,Water bill,304893.11,retailer,expense
TXN-9B1B533DF20C,2026-06-04T17:08:23,38.24,CREDIT,product_sales,POS transaction,297321.71,retailer,sale
TXN-97CF6B8B5BE5,2026-06-04T17:16:44,227.84,CREDIT,bulk_order,Bulk purchase - B2B,302221.2,retailer,sale
TXN-F4EEC18F2A7B,2026-06-04T17:20:24,407.46,CREDIT,returns_received,Return from vendor,292960.53,retailer,sale
TXN-A0C66782C98B,2026-06-04T17:42:38,608.01,CREDIT,online_sales,Website checkout,294025.2,retailer,sale
TXN-88E286A51E9B,2026-06-04T17:53:27,240.07,CREDIT,product_sales,Counter sale,306114.0,retailer,sale
TXN-979CBE65BCA0,2026-06-04T18:01:00,530.08,DEBIT,utilities,Electricity bill,306583.23,retailer,expense
TXN-D5A2D74D4869,2026-06-04T18:01:27,564.79,CREDIT,online_sales,Online cart,296124.28,retailer,sale
TXN-B946EDE99E50,2026-06-04T18:23:23,616.71,CREDIT,online_sales,Shopify order,295094.98,retailer,sale
TXN-4D21868D8373,2026-06-04T18:33:36,95.01,CREDIT,product_sales,Walk-in customer,305452.73,retailer,sale
TXN-8C6BE7901201,2026-06-04T18:36:40,633.01,CREDIT,returns_received,Return from vendor,297283.47,retailer,sale
TXN-FEC3AC41D930,2026-06-04T18:45:55,228.68,CREDIT,online_sales,Online cart,297550.39,retailer,sale
TXN-B6DF6188156D,2026-06-04T19:09:01,456.66,CREDIT,online_sales,Website checkout,293417.19,retailer,sale
TXN-804E830BE50F,2026-06-04T19:15:24,421.2,CREDIT,product_sales,Counter sale,305873.93,retailer,sale
TXN-C8124252725B,2026-06-04T19:20:03,385.13,CREDIT,returns_received,Return from vendor,292044.9,retailer,sale
TXN-183FBC46CEA5,2026-06-04T20:20:56,696.84,CREDIT,product_sales,POS transaction,299052.65,retailer,sale
TXN-106C35471E90,2026-06-04T20:32:39,555.91,CREDIT,product_sales,In-store sales,303057.53,retailer,sale
TXN-FE224C090169,2026-06-04T20:36:00,594.74,CREDIT,bulk_order,Corporate purchase,303652.27,retailer,sale
TXN-5C2575476FBD,2026-06-05T08:00:15,351.01,CREDIT,bulk_order,Wholesale order,315761.5,retailer,"sale,peak_day"
TXN-739FBE01F770,2026-06-05T08:43:00,1254.96,DEBIT,maintenance,AC servicing,318435.5,retailer,expense
TXN-F242347C0C4B,2026-06-05T08:46:04,554.58,CREDIT,returns_received,Supplier credit note,312854.21,retailer,"sale,peak_day"
TXN-D8D1E0246488,2026-06-05T08:49:22,505.15,CREDIT,returns_received,Return from vendor,313870.14,retailer,"sale,peak_day"
TXN-7E45EB609B5E,2026-06-05T08:53:29,124.57,CREDIT,returns_received,Supplier credit note,319465.9,retailer,"sale,peak_day"
TXN-5436474CB567,2026-06-05T09:28:37,429.78,CREDIT,returns_received,Return from vendor,312299.63,retailer,"sale,peak_day"
TXN-E728DFE8233C,2026-06-05T09:58:10,313.07,CREDIT,returns_received,Return from vendor,311222.51,retailer,"sale,peak_day"
TXN-7745ABDA1D1D,2026-06-05T10:11:46,457.72,CREDIT,online_sales,Amazon marketplace,316714.66,retailer,"sale,peak_day"
TXN-438A455D015F,2026-06-05T10:22:48,267.35,CREDIT,returns_received,Return from vendor,309206.71,retailer,"sale,peak_day"
TXN-B1B4FFAC827D,2026-06-05T10:54:12,134.64,CREDIT,online_sales,Website checkout,314426.26,retailer,"sale,peak_day"
TXN-A3C2908543D4,2026-06-05T11:14:53,568.18,CREDIT,product_sales,POS transaction,308939.36,retailer,"sale,peak_day"
TXN-9C902D92B073,2026-06-05T11:34:37,477.22,CREDIT,product_sales,In-store sales,308371.18,retailer,"sale,peak_day"
TXN-50857045101A,2026-06-05T11:42:02,420.72,CREDIT,product_sales,In-store sales,317723.25,retailer,"sale,peak_day"
TXN-365536CB4249,2026-06-05T12:01:35,267.65,CREDIT,product_sales,POS transaction,318315.15,retailer,"sale,peak_day"
TXN-A0FFDE47F832,2026-06-05T12:30:50,275.71,CREDIT,product_sales,POS transaction,307893.96,retailer,"sale,peak_day"
TXN-596DCCF7E28E,2026-06-05T12:53:02,731.89,CREDIT,returns_received,Supplier credit note,315158.15,retailer,"sale,peak_day"
TXN-1A7ED0A3EA1B,2026-06-05T13:33:10,617.09,CREDIT,bulk_order,Corporate purchase,319341.33,retailer,"sale,peak_day"
TXN-D97106B5EC65,2026-06-05T13:39:11,518.63,CREDIT,returns_received,Return from vendor,311869.85,retailer,"sale,peak_day"
TXN-6179DB1C428F,2026-06-05T13:49:46,653.69,CREDIT,product_sales,Walk-in customer,310909.44,retailer,"sale,peak_day"
TXN-F0B48BAB1924,2026-06-05T14:18:02,480.15,CREDIT,bulk_order,Bulk purchase - B2B,320435.96,retailer,"sale,peak_day"
TXN-82AABAE61550,2026-06-05T14:32:53,411.23,CREDIT,product_sales,In-store sales,306696.87,retailer,"sale,peak_day"
TXN-79CBBDD182DB,2026-06-05T15:18:08,611.62,CREDIT,online_sales,Shopify order,305504.73,retailer,"sale,peak_day"
TXN-1F7B5AE06B6E,2026-06-05T16:40:31,780.91,CREDIT,returns_received,Return from vendor,306285.64,retailer,"sale,peak_day"
TXN-7ECEF9F709FC,2026-06-05T17:10:08,248.32,CREDIT,returns_received,Return from vendor,313102.53,retailer,"sale,peak_day"
TXN-35BB0C723477,2026-06-05T17:43:42,324.25,CREDIT,product_sales,Walk-in customer,318047.5,retailer,"sale,peak_day"
TXN-71F0BF6FD7AA,2026-06-05T17:58:00,745.5,DEBIT,marketing,Influencer payment,319690.46,retailer,expense
TXN-049772925520,2026-06-05T18:18:34,409.09,CREDIT,online_sales,Website checkout,318724.24,retailer,"sale,peak_day"
TXN-5F574D85F3CE,2026-06-05T19:02:25,587.87,CREDIT,bulk_order,Wholesale order,317302.53,retailer,"sale,peak_day"
TXN-3CF8C2FC5FD6,2026-06-05T19:21:40,525.73,CREDIT,online_sales,Amazon marketplace,307222.6,retailer,"sale,peak_day"
TXN-3B008C6FC8C6,2026-06-05T19:22:03,128.71,CREDIT,product_sales,In-store sales,311351.22,retailer,"sale,peak_day"
TXN-AF5C115D798E,2026-06-05T19:31:55,421.48,CREDIT,returns_received,Supplier credit note,314291.62,retailer,"sale,peak_day"
TXN-A826CDB38435,2026-06-05T19:36:30,262.46,CREDIT,bulk_order,Corporate purchase,313364.99,retailer,"sale,peak_day"
TXN-94DEA2D570D3,2026-06-05T19:43:10,395.65,CREDIT,returns_received,Supplier credit note,307618.25,retailer,"sale,peak_day"
TXN-E59F857DDB0C,2026-06-05T19:57:01,489.91,CREDIT,returns_received,Supplier credit note,319955.81,retailer,"sale,peak_day"
TXN-CB0C98073BAB,2026-06-05T20:23:48,252.34,CREDIT,returns_received,Return from vendor,315410.49,retailer,"sale,peak_day"
TXN-C498B3AAAC0C,2026-06-05T20:39:42,495.44,CREDIT,online_sales,Online cart,316256.94,retailer,"sale,peak_day"
TXN-4A24BC6F868B,2026-06-05T20:41:49,612.05,CREDIT,product_sales,In-store sales,310255.75,retailer,"sale,peak_day"
TXN-091B3FD4D764,2026-06-05T20:47:30,436.99,CREDIT,product_sales,Walk-in customer,309643.7,retailer,"sale,peak_day"
TXN-ABAB6566E688,2026-06-06T08:03:02,473.06,CREDIT,returns_received,Supplier credit note,333735.96,retailer,"sale,peak_day"
TXN-56BFCD7C0042,2026-06-06T08:21:37,427.94,CREDIT,bulk_order,Bulk purchase - B2B,325649.2,retailer,"sale,peak_day"
TXN-D4BB1A43CF9E,2026-06-06T08:23:12,497.57,CREDIT,product_sales,POS transaction,323273.56,retailer,"sale,peak_day"
TXN-A2B033139CC8,2026-06-06T08:45:04,282.67,CREDIT,product_sales,Walk-in customer,328383.02,retailer,"sale,peak_day"
TXN-9A9D9CA9CCDC,2026-06-06T08:45:50,321.27,CREDIT,online_sales,Online cart,330011.43,retailer,"sale,peak_day"
TXN-42E1DA7BB200,2026-06-06T09:27:25,896.72,CREDIT,online_sales,Amazon marketplace,319905.23,retailer,"sale,peak_day"
TXN-E6AAA5D0C3CF,2026-06-06T11:00:23,346.14,CREDIT,online_sales,Shopify order,323619.7,retailer,"sale,peak_day"
TXN-11A5FF4ADF5F,2026-06-06T11:05:10,418.56,CREDIT,online_sales,Online cart,333240.96,retailer,"sale,peak_day"
TXN-71D1D54DD41F,2026-06-06T11:22:44,408.73,CREDIT,returns_received,Return from vendor,327220.56,retailer,"sale,peak_day"
TXN-CB8558EC56C1,2026-06-06T11:42:12,573.01,CREDIT,online_sales,Website checkout,319008.51,retailer,"sale,peak_day"
TXN-746B54D96414,2026-06-06T11:47:02,343.8,CREDIT,bulk_order,Wholesale order,328955.51,retailer,"sale,peak_day"
TXN-77FA14325570,2026-06-06T12:12:58,492.12,CREDIT,bulk_order,Wholesale order,324445.2,retailer,"sale,peak_day"
TXN-FC3EECF599A8,2026-06-06T12:26:59,324.0,CREDIT,product_sales,Walk-in customer,330934.88,retailer,"sale,peak_day"
TXN-83B3D66D5F07,2026-06-06T13:10:41,426.38,CREDIT,online_sales,Shopify order,321767.72,retailer,"sale,peak_day"
TXN-5C566EC1D376,2026-06-06T13:46:48,325.55,CREDIT,bulk_order,Wholesale order,327546.11,retailer,"sale,peak_day"
TXN-C3509F70BF9F,2026-06-06T14:02:43,554.24,CREDIT,online_sales,Shopify order,328100.35,retailer,"sale,peak_day"
TXN-073BCDEEC009,2026-06-06T14:17:21,580.86,CREDIT,bulk_order,Corporate purchase,332822.4,retailer,"sale,peak_day"
TXN-5DC04938496F,2026-06-06T14:41:05,373.17,CREDIT,returns_received,Return from vendor,320658.35,retailer,"sale,peak_day"
TXN-96379AB89DF9,2026-06-06T14:53:10,230.91,CREDIT,returns_received,Supplier credit note,329690.16,retailer,"sale,peak_day"
TXN-20390B5DB7A1,2026-06-06T16:18:13,475.38,CREDIT,product_sales,POS transaction,330486.81,retailer,"sale,peak_day"
TXN-66E0C8D8C799,2026-06-06T16:47:31,379.95,CREDIT,online_sales,Shopify order,320285.18,retailer,"sale,peak_day"
TXN-A9027B4821C3,2026-06-06T17:06:20,682.99,CREDIT,bulk_order,Bulk purchase - B2B,321341.34,retailer,"sale,peak_day"
TXN-2F4E3FF5C993,2026-06-06T17:30:00,788.8,DEBIT,logistics,Last-mile delivery,332947.16,retailer,expense
TXN-F54A82A57E49,2026-06-06T17:32:56,577.4,CREDIT,product_sales,POS transaction,331512.28,retailer,"sale,peak_day"
TXN-29901DD924B4,2026-06-06T17:46:53,776.06,CREDIT,product_sales,Walk-in customer,325221.26,retailer,"sale,peak_day"
TXN-5BB284070885,2026-06-06T17:48:07,124.07,CREDIT,product_sales,POS transaction,330610.88,retailer,"sale,peak_day"
TXN-F106F0479FA1,2026-06-06T17:57:50,503.74,CREDIT,online_sales,Website checkout,329459.25,retailer,"sale,peak_day"
TXN-71BA8E382491,2026-06-06T18:30:30,21.94,CREDIT,product_sales,In-store sales,333262.9,retailer,"sale,peak_day"
TXN-3310523A4A4A,2026-06-06T18:44:12,263.16,CREDIT,bulk_order,Wholesale order,322775.99,retailer,"sale,peak_day"
TXN-9B489C7C5FED,2026-06-06T18:58:13,241.29,CREDIT,returns_received,Return from vendor,331753.57,retailer,"sale,peak_day"
TXN-6F30EEC95A69,2026-06-06T19:19:48,333.38,CREDIT,product_sales,Counter sale,323953.08,retailer,"sale,peak_day"
TXN-6E09BFABDFBD,2026-06-06T19:31:10,487.97,CREDIT,product_sales,Walk-in customer,332241.54,retailer,"sale,peak_day"
TXN-F59308F6E042,2026-06-06T19:52:20,357.85,CREDIT,returns_received,Return from vendor,326811.83,retailer,"sale,peak_day"
TXN-313FE14E8D98,2026-06-06T20:21:02,745.11,CREDIT,online_sales,Website checkout,322512.83,retailer,"sale,peak_day"
TXN-1C6F09051A73,2026-06-06T20:23:55,804.78,CREDIT,online_sales,Online cart,326453.98,retailer,"sale,peak_day"
TXN-09B690D7DFD4,2026-06-06T20:58:21,228.69,CREDIT,bulk_order,Corporate purchase,328611.71,retailer,"sale,peak_day"
TXN-D38899C0AB89,2026-06-07T01:33:00,999.0,DEBIT,subscriptions,Grammarly Business (auto-charge),349992.56,retailer,"hidden_cost,subscription"
TXN-20A57056BA1B,2026-06-07T08:20:07,169.48,CREDIT,product_sales,In-store sales,339130.73,retailer,"sale,peak_day"
TXN-37BA774703E3,2026-06-07T08:21:28,422.71,CREDIT,online_sales,Website checkout,347274.2,retailer,"sale,peak_day"
TXN-3594721EA3CA,2026-06-07T08:22:45,508.7,CREDIT,bulk_order,Bulk purchase - B2B,349241.07,retailer,"sale,peak_day"
TXN-97EEC6110332,2026-06-07T08:41:34,620.82,CREDIT,bulk_order,Wholesale order,353049.44,retailer,"sale,peak_day"
TXN-ED2B9BD68BC9,2026-06-07T08:52:18,434.03,CREDIT,bulk_order,Corporate purchase,344216.0,retailer,"sale,peak_day"
TXN-CFDD398C6AB3,2026-06-07T09:19:37,370.35,CREDIT,returns_received,Supplier credit note,350923.66,retailer,"sale,peak_day"
TXN-BC34D27A10C7,2026-06-07T09:27:11,570.87,CREDIT,returns_received,Return from vendor,338199.09,retailer,"sale,peak_day"
TXN-1A4C50DA529F,2026-06-07T09:37:42,632.02,CREDIT,online_sales,Online cart,335524.79,retailer,"sale,peak_day"
TXN-C1C0DC61C95C,2026-06-07T09:43:25,351.9,CREDIT,returns_received,Return from vendor,339877.03,retailer,"sale,peak_day"
TXN-0B2802D7F3D5,2026-06-07T09:56:30,403.12,CREDIT,bulk_order,Wholesale order,334408.41,retailer,"sale,peak_day"
TXN-94B554C44530,2026-06-07T10:32:31,484.36,CREDIT,returns_received,Return from vendor,334892.77,retailer,"sale,peak_day"
TXN-3848A4DBEC3C,2026-06-07T10:43:29,556.59,CREDIT,online_sales,Shopify order,336560.38,retailer,"sale,peak_day"
TXN-089DA0B5CF10,2026-06-07T10:44:00,489.88,CREDIT,product_sales,Walk-in customer,345655.74,retailer,"sale,peak_day"
TXN-73092E134772,2026-06-07T11:22:00,1308.25,DEBIT,marketing,Google Ads,351303.54,retailer,expense
TXN-2845F4B83D48,2026-06-07T11:37:29,394.4,CREDIT,product_sales,Counter sale,339525.13,retailer,"sale,peak_day"
TXN-18E3B8A5A06A,2026-06-07T12:07:34,164.11,CREDIT,product_sales,Counter sale,352015.84,retailer,"sale,peak_day"
TXN-4A55646ED9AD,2026-06-07T12:10:53,633.17,CREDIT,bulk_order,Bulk purchase - B2B,346851.49,retailer,"sale,peak_day"
TXN-BCFA59064D7A,2026-06-07T12:17:22,451.89,CREDIT,returns_received,Supplier credit note,350324.82,retailer,"sale,peak_day"
TXN-D4F5289368AF,2026-06-07T12:23:00,603.66,DEBIT,utilities,Electricity bill,352611.79,retailer,expense
TXN-4811C28DE557,2026-06-07T12:39:51,745.77,CREDIT,online_sales,Shopify order,334005.29,retailer,"sale,peak_day"
TXN-AED78B5F1C56,2026-06-07T13:00:49,253.86,CREDIT,returns_received,Supplier credit note,336814.24,retailer,"sale,peak_day"
TXN-B8A43DF5547F,2026-06-07T13:02:09,529.03,CREDIT,online_sales,Online cart,338728.12,retailer,"sale,peak_day"
TXN-12E0D0D2D431,2026-06-07T13:02:15,517.02,CREDIT,returns_received,Supplier credit note,340696.83,retailer,"sale,peak_day"
TXN-0796BC59DDDF,2026-06-07T13:08:13,278.32,CREDIT,online_sales,Website checkout,342356.61,retailer,"sale,peak_day"
TXN-E489DA527651,2026-06-07T13:08:37,220.67,CREDIT,product_sales,Counter sale,340917.5,retailer,"sale,peak_day"
TXN-13E180F9665D,2026-06-07T13:16:57,424.47,CREDIT,bulk_order,Corporate purchase,342781.08,retailer,"sale,peak_day"
TXN-85A9422B8ADE,2026-06-07T13:24:58,244.53,CREDIT,online_sales,Shopify order,333259.52,retailer,"sale,peak_day"
TXN-2D758DB83DC4,2026-06-07T13:48:19,558.4,CREDIT,product_sales,POS transaction,344774.4,retailer,"sale,peak_day"
TXN-BBEDF6BA377F,2026-06-07T13:59:17,446.41,CREDIT,online_sales,Shopify order,347720.61,retailer,"sale,peak_day"
TXN-897337DBE7AE,2026-06-07T14:12:52,587.95,CREDIT,online_sales,Shopify order,341505.45,retailer,"sale,peak_day"
TXN-1B91ED82517E,2026-06-07T14:30:34,228.49,CREDIT,product_sales,In-store sales,350553.31,retailer,"sale,peak_day"
TXN-AC6434147343,2026-06-07T14:48:32,572.84,CREDIT,product_sales,Walk-in customer,342078.29,retailer,"sale,peak_day"
TXN-E6658CEFEA2B,2026-06-07T14:53:16,307.18,CREDIT,online_sales,Amazon marketplace,351230.84,retailer,"sale,peak_day"
TXN-C0335E53B437,2026-06-07T16:15:07,479.0,CREDIT,returns_received,Supplier credit note,336003.79,retailer,"sale,peak_day"
TXN-601A489B3442,2026-06-07T17:01:16,67.83,CREDIT,product_sales,In-store sales,333014.99,retailer,"sale,peak_day"
TXN-92B4270999FA,2026-06-07T17:25:13,813.98,CREDIT,returns_received,Supplier credit note,337628.22,retailer,"sale,peak_day"
TXN-A7B3CC2261ED,2026-06-07T17:34:54,391.46,CREDIT,returns_received,Supplier credit note,345165.86,retailer,"sale,peak_day"
TXN-97C134F94E0C,2026-06-07T18:01:00,311.98,DEBIT,marketing,Facebook Ads,350991.56,retailer,expense
TXN-8AC420239B15,2026-06-07T18:11:39,302.78,CREDIT,returns_received,Return from vendor,340179.81,retailer,"sale,peak_day"
TXN-3397D6FDD60B,2026-06-07T18:30:10,130.89,CREDIT,bulk_order,Wholesale order,351361.73,retailer,"sale,peak_day"
TXN-285DD9BB390E,2026-06-07T18:35:26,579.53,CREDIT,product_sales,POS transaction,343360.61,retailer,"sale,peak_day"
TXN-FF54C38BD15D,2026-06-07T18:56:48,166.01,CREDIT,product_sales,In-store sales,353215.45,retailer,"sale,peak_day"
TXN-ED3DB6C8E27E,2026-06-07T19:01:34,631.86,CREDIT,bulk_order,Corporate purchase,349872.93,retailer,"sale,peak_day"
TXN-1DA00C701088,2026-06-07T19:10:18,421.36,CREDIT,product_sales,POS transaction,343781.97,retailer,"sale,peak_day"
TXN-611A057B41D4,2026-06-07T19:18:39,412.78,CREDIT,bulk_order,Wholesale order,352428.62,retailer,"sale,peak_day"
TXN-FE0583F77C9F,2026-06-07T19:37:45,490.0,CREDIT,product_sales,In-store sales,351851.73,retailer,"sale,peak_day"
TXN-EF55D3220501,2026-06-07T20:11:07,233.13,CREDIT,bulk_order,Corporate purchase,338961.25,retailer,"sale,peak_day"
TXN-57A133EB309F,2026-06-07T20:26:09,1011.76,CREDIT,product_sales,Walk-in customer,348732.37,retailer,"sale,peak_day"
TXN-CBED202D4858,2026-06-07T20:34:25,562.58,CREDIT,product_sales,In-store sales,346218.32,retailer,"sale,peak_day"
TXN-5D678F0775E7,2026-06-08T08:19:38,542.96,CREDIT,returns_received,Return from vendor,362205.68,retailer,sale
TXN-DFDC749AF683,2026-06-08T08:30:00,709.99,DEBIT,logistics,Last-mile delivery,360832.86,retailer,expense
TXN-EA31ECFC32AF,2026-06-08T09:18:00,383.11,CREDIT,bulk_order,Corporate purchase,355298.86,retailer,sale
TXN-14ABDEC7D1EC,2026-06-08T09:20:00,1501.3,DEBIT,logistics,Shipping cost,361542.85,retailer,expense
TXN-655C6D92852E,2026-06-08T09:57:59,218.71,CREDIT,product_sales,In-store sales,361662.72,retailer,sale
TXN-D4A0D45A58C5,2026-06-08T10:40:49,177.48,CREDIT,online_sales,Amazon marketplace,361444.01,retailer,sale
TXN-77569B2C34B4,2026-06-08T12:26:01,212.34,CREDIT,online_sales,Amazon marketplace,351222.91,retailer,sale
TXN-A61D36B0843E,2026-06-08T12:33:12,298.62,CREDIT,bulk_order,Bulk purchase - B2B,357347.06,retailer,sale
TXN-FC9CCB456A8D,2026-06-08T12:54:30,441.54,CREDIT,online_sales,Online cart,358299.18,retailer,sale
TXN-8CEF53ADE0CE,2026-06-08T13:37:01,468.2,CREDIT,returns_received,Supplier credit note,350460.76,retailer,sale
TXN-243DD25F6845,2026-06-08T13:38:31,518.82,CREDIT,bulk_order,Wholesale order,359596.87,retailer,sale
TXN-5D932F489A6C,2026-06-08T15:47:33,276.95,CREDIT,product_sales,In-store sales,362482.63,retailer,sale
TXN-C5B75297B9D9,2026-06-08T16:16:07,534.83,CREDIT,bulk_order,Wholesale order,354112.36,retailer,sale
TXN-ED68592A5C82,2026-06-08T16:25:24,555.66,CREDIT,bulk_order,Wholesale order,355854.52,retailer,sale
TXN-86D1B43909C9,2026-06-08T16:40:21,233.12,CREDIT,returns_received,Supplier credit note,356546.87,retailer,sale
TXN-B78006AC5AD6,2026-06-08T16:42:09,549.81,CREDIT,returns_received,Return from vendor,351010.57,retailer,sale
TXN-46A24B375A7B,2026-06-08T16:52:04,574.03,CREDIT,online_sales,Online cart,360170.9,retailer,sale
TXN-D8E156783D9B,2026-06-08T17:01:36,242.04,CREDIT,returns_received,Supplier credit note,353577.53,retailer,sale
TXN-5B2E38DF94F8,2026-06-08T17:35:10,561.52,CREDIT,online_sales,Online cart,363044.15,retailer,sale
TXN-0EA317BE1ADB,2026-06-08T17:41:07,244.98,CREDIT,bulk_order,Corporate purchase,353335.49,retailer,sale
TXN-47DF70BA49E7,2026-06-08T17:47:37,803.39,CREDIT,online_sales,Website checkout,354915.75,retailer,sale
TXN-8F192EEBB7F9,2026-06-08T18:05:57,510.58,CREDIT,bulk_order,Wholesale order,357857.64,retailer,sale
TXN-752BC7B65B25,2026-06-08T18:34:19,335.34,CREDIT,product_sales,In-store sales,351558.25,retailer,sale
TXN-060CCCCDB5C1,2026-06-08T18:42:29,470.05,CREDIT,online_sales,Online cart,360640.95,retailer,sale
TXN-152B1BB855E9,2026-06-08T18:54:58,800.94,CREDIT,product_sales,Counter sale,353090.51,retailer,sale
TXN-7D830FA9AD10,2026-06-08T18:57:18,269.97,CREDIT,online_sales,Online cart,359078.05,retailer,sale
TXN-A91987A119BB,2026-06-08T19:08:57,501.57,CREDIT,returns_received,Return from vendor,357048.44,retailer,sale
TXN-35586A5D61ED,2026-06-08T19:13:42,449.74,CREDIT,returns_received,Supplier credit note,352289.57,retailer,sale
TXN-26E7827B16B8,2026-06-08T19:24:28,459.23,CREDIT,returns_received,Return from vendor,356313.75,retailer,sale
TXN-B70FB2AC5D1E,2026-06-08T20:02:52,281.58,CREDIT,returns_received,Return from vendor,351839.83,retailer,sale
TXN-BDCA6B0A73C7,2026-06-08T20:12:38,625.58,CREDIT,bulk_order,Bulk purchase - B2B,361266.53,retailer,sale
TXN-4519D1D3226B,2026-06-08T20:24:10,508.9,CREDIT,online_sales,Website checkout,358808.08,retailer,sale
TXN-0119183B1019,2026-06-09T08:23:38,694.44,CREDIT,product_sales,Counter sale,362006.13,retailer,sale
TXN-2E9AA3E39EAF,2026-06-09T08:46:18,421.7,CREDIT,bulk_order,Corporate purchase,370383.11,retailer,sale
TXN-C3181EF84DA9,2026-06-09T10:10:12,985.03,CREDIT,returns_received,Return from vendor,367505.38,retailer,sale
TXN-8CF8C4C78442,2026-06-09T10:12:19,134.94,CREDIT,online_sales,Website checkout,371771.17,retailer,sale
TXN-7469CF68468E,2026-06-09T10:32:03,478.83,CREDIT,online_sales,Online cart,361311.69,retailer,sale
TXN-849DCF01641A,2026-06-09T11:22:51,26.4,CREDIT,returns_received,Return from vendor,362156.97,retailer,sale
TXN-9E7E9386F8D4,2026-06-09T11:26:28,625.77,CREDIT,returns_received,Supplier credit note,374174.46,retailer,sale
TXN-6F89F67027A5,2026-06-09T11:55:00,235.24,DEBIT,logistics,Courier charges,374712.01,retailer,expense
TXN-FB8CE66D15B9,2026-06-09T11:57:43,480.36,CREDIT,bulk_order,Wholesale order,376365.9,retailer,sale
TXN-A56266008928,2026-06-09T12:58:28,564.24,CREDIT,product_sales,POS transaction,369023.49,retailer,sale
TXN-FC8881B452B3,2026-06-09T13:01:32,509.97,CREDIT,online_sales,Online cart,363407.65,retailer,sale
TXN-D3B5AC83E993,2026-06-09T13:29:18,466.3,CREDIT,returns_received,Return from vendor,368459.25,retailer,sale
TXN-9A63E74C5D7E,2026-06-09T13:55:00,1418.65,DEBIT,marketing,Facebook Ads,374947.25,retailer,expense
TXN-994BD57D31AC,2026-06-09T14:06:54,151.14,CREDIT,product_sales,Counter sale,374499.31,retailer,sale
TXN-8419275304FC,2026-06-09T14:11:00,310.17,DEBIT,utilities,Electricity bill,374401.84,retailer,expense
TXN-6C0FC9A6770C,2026-06-09T14:32:00,694.23,CREDIT,bulk_order,Corporate purchase,371412.77,retailer,sale
TXN-699B046ED70A,2026-06-09T14:56:29,559.96,CREDIT,online_sales,Website checkout,372331.13,retailer,sale
TXN-DB11363385E7,2026-06-09T15:33:19,658.07,CREDIT,product_sales,Counter sale,373548.69,retailer,sale
TXN-7F3014C4C461,2026-06-09T15:37:35,400.84,CREDIT,online_sales,Website checkout,369961.41,retailer,sale
TXN-71B02B9F07FF,2026-06-09T15:39:24,353.98,CREDIT,online_sales,Amazon marketplace,365200.74,retailer,sale
TXN-747A92F4A9C0,2026-06-09T15:42:15,310.19,CREDIT,returns_received,Supplier credit note,362467.16,retailer,sale
TXN-0A7117527B92,2026-06-09T15:42:46,537.08,CREDIT,bulk_order,Wholesale order,369560.57,retailer,sale
TXN-03A3F0A837B5,2026-06-09T15:54:33,173.71,CREDIT,online_sales,Online cart,374348.17,retailer,sale
TXN-FBF4544EF31E,2026-06-09T16:18:31,561.79,CREDIT,product_sales,POS transaction,366520.35,retailer,sale
TXN-BE91DA3C93C1,2026-06-09T16:48:00,1236.09,DEBIT,maintenance,Plumbing repair,373165.75,retailer,expense
TXN-251D7D7724FA,2026-06-09T16:59:36,568.31,CREDIT,online_sales,Amazon marketplace,364304.6,retailer,sale
TXN-D78B1F02F260,2026-06-09T17:05:02,335.43,CREDIT,bulk_order,Bulk purchase - B2B,370718.54,retailer,sale
TXN-EED3FD706D87,2026-06-09T17:31:41,559.49,CREDIT,product_sales,In-store sales,372890.62,retailer,sale
TXN-D4684CDAD9AA,2026-06-09T17:47:06,430.52,CREDIT,product_sales,Walk-in customer,362897.68,retailer,sale
TXN-776954F0BDB4,2026-06-09T18:12:15,223.46,CREDIT,product_sales,POS transaction,371636.23,retailer,sale
TXN-2F150BA48F8C,2026-06-09T18:15:13,328.64,CREDIT,online_sales,Online cart,363736.29,retailer,sale
TXN-205560967B41,2026-06-09T18:51:32,514.41,CREDIT,online_sales,Amazon marketplace,375383.72,retailer,sale
TXN-EF55121479FC,2026-06-09T19:01:22,757.82,CREDIT,bulk_order,Bulk purchase - B2B,365958.56,retailer,sale
TXN-D24E3B999BA5,2026-06-09T19:02:55,370.0,CREDIT,product_sales,Counter sale,374869.31,retailer,sale
TXN-3F8B0677413E,2026-06-09T19:14:31,501.82,CREDIT,product_sales,Counter sale,375885.54,retailer,sale
TXN-DBD907E5393C,2026-06-09T19:35:26,542.16,CREDIT,bulk_order,Bulk purchase - B2B,364846.76,retailer,sale
TXN-88D91B1330D5,2026-06-09T19:48:45,124.44,CREDIT,returns_received,Supplier credit note,362130.57,retailer,sale
TXN-18B00791DD8A,2026-06-09T20:53:07,487.57,CREDIT,returns_received,Return from vendor,367992.95,retailer,sale
TXN-9A42A4B64FD1,2026-06-10T08:11:12,512.45,CREDIT,bulk_order,Bulk purchase - B2B,380718.0,retailer,sale
TXN-0A578483A89B,2026-06-10T08:11:25,82.17,CREDIT,bulk_order,Corporate purchase,383149.8,retailer,sale
TXN-1971428B26FC,2026-06-10T09:39:18,588.5,CREDIT,product_sales,Walk-in customer,377152.33,retailer,sale
TXN-21CE1E200137,2026-06-10T10:07:35,746.8,CREDIT,bulk_order,Wholesale order,374906.8,retailer,sale
TXN-100C67F13DD1,2026-06-10T10:10:22,477.29,CREDIT,returns_received,Supplier credit note,379159.16,retailer,sale
TXN-155D28AAB68A,2026-06-10T10:55:57,659.19,CREDIT,returns_received,Return from vendor,374160.0,retailer,sale
TXN-7729CEA4E523,2026-06-10T11:51:32,45.2,CREDIT,bulk_order,Wholesale order,384376.92,retailer,sale
TXN-1DD39FF69491,2026-06-10T12:01:20,316.45,CREDIT,online_sales,Online cart,383067.63,retailer,sale
TXN-C0B90AB6C6AB,2026-06-10T12:06:03,173.45,CREDIT,bulk_order,Wholesale order,386133.15,retailer,sale
TXN-8F1D2CEE223B,2026-06-10T12:07:00,234.0,CREDIT,product_sales,Walk-in customer,385959.7,retailer,sale
TXN-1BD0D2CF9F78,2026-06-10T13:32:46,335.06,CREDIT,product_sales,POS transaction,373500.81,retailer,sale
TXN-7DFC481480DD,2026-06-10T13:39:15,424.11,CREDIT,product_sales,In-store sales,376563.83,retailer,sale
TXN-23DB8F055739,2026-06-10T13:41:02,638.7,CREDIT,returns_received,Supplier credit note,385015.62,retailer,sale
TXN-6D68F4A95FD9,2026-06-10T13:57:42,292.25,CREDIT,online_sales,Amazon marketplace,382751.18,retailer,sale
TXN-4051E9E7EC32,2026-06-10T14:14:50,710.08,CREDIT,bulk_order,Bulk purchase - B2B,385725.7,retailer,sale
TXN-A5160A196574,2026-06-10T14:48:17,221.68,CREDIT,returns_received,Return from vendor,384331.72,retailer,sale
TXN-8853037716DA,2026-06-10T15:19:32,399.89,CREDIT,online_sales,Online cart,376139.72,retailer,sale
TXN-6697F5B6C727,2026-06-10T15:48:00,50.0,DEBIT,inventory_purchase,Stock order #TXN-B964,386902.8,retailer,"expense,inventory_order"
TXN-EFD178282F8C,2026-06-10T16:03:39,352.72,CREDIT,online_sales,Online cart,381594.45,retailer,sale
TXN-450E004EC88B,2026-06-10T16:35:38,833.03,CREDIT,online_sales,Website checkout,375739.83,retailer,sale
TXN-0926F6015C1E,2026-06-10T17:23:19,388.39,CREDIT,bulk_order,Wholesale order,377816.89,retailer,sale
TXN-C2DB5A318B4A,2026-06-10T17:58:19,150.35,CREDIT,bulk_order,Corporate purchase,377967.24,retailer,sale
TXN-5E9CB914D30A,2026-06-10T18:28:18,276.17,CREDIT,product_sales,Counter sale,377428.5,retailer,sale
TXN-CB2904368A6E,2026-06-10T18:31:34,695.82,CREDIT,returns_received,Supplier credit note,379854.98,retailer,sale
TXN-AD690A595BDF,2026-06-10T19:00:09,470.89,CREDIT,bulk_order,Corporate purchase,386604.04,retailer,sale
TXN-C58085EE3DE6,2026-06-10T19:03:01,960.24,CREDIT,online_sales,Shopify order,384110.04,retailer,sale
TXN-1383C0CE3209,2026-06-10T19:03:31,348.76,CREDIT,product_sales,Walk-in customer,386952.8,retailer,sale
TXN-795DBBA11921,2026-06-10T19:20:05,523.73,CREDIT,bulk_order,Corporate purchase,381241.73,retailer,sale
TXN-85CC3AD207A9,2026-06-10T19:51:27,864.48,CREDIT,online_sales,Shopify order,382458.93,retailer,sale
TXN-5FB4B996CE25,2026-06-10T20:23:36,350.57,CREDIT,product_sales,Walk-in customer,380205.55,retailer,sale
TXN-C66ACD5030B7,2026-06-10T20:24:33,714.63,CREDIT,online_sales,Shopify order,378681.87,retailer,sale
TXN-D6B9BF48323C,2026-06-11T09:20:25,587.79,CREDIT,product_sales,In-store sales,392114.34,retailer,sale
TXN-E5512DECC0FC,2026-06-11T09:32:43,410.45,CREDIT,returns_received,Supplier credit note,394169.34,retailer,sale
TXN-94C9C1926978,2026-06-11T09:51:45,614.27,CREDIT,product_sales,Walk-in customer,393178.96,retailer,sale
TXN-8F914CE63666,2026-06-11T10:06:53,381.19,CREDIT,bulk_order,Corporate purchase,390508.53,retailer,sale
TXN-C17B6E0C8ABB,2026-06-11T11:27:10,431.27,CREDIT,product_sales,Walk-in customer,394600.61,retailer,sale
TXN-51EA0A682B4F,2026-06-11T11:27:23,450.35,CREDIT,product_sales,POS transaction,392564.69,retailer,sale
TXN-DC34B16B328B,2026-06-11T11:29:33,440.38,CREDIT,bulk_order,Wholesale order,393758.89,retailer,sale
TXN-659C1A903FA7,2026-06-11T12:26:28,588.57,CREDIT,online_sales,Shopify order,387737.41,retailer,sale
TXN-4B78004B96D9,2026-06-11T12:28:08,199.22,CREDIT,product_sales,In-store sales,387936.63,retailer,sale
TXN-47E7EFE1DDDD,2026-06-11T12:56:57,588.07,CREDIT,returns_received,Return from vendor,391096.6,retailer,sale
TXN-C9CCA2D1B59A,2026-06-11T13:39:00,275.03,DEBIT,maintenance,AC servicing,394325.58,retailer,expense
TXN-3AFE85B40297,2026-06-11T13:55:54,502.45,CREDIT,returns_received,Supplier credit note,389801.84,retailer,sale
TXN-6442E54B0DDE,2026-06-11T14:19:00,944.36,DEBIT,maintenance,Equipment maintenance,393381.22,retailer,expense
TXN-50A6713ABCBE,2026-06-11T15:08:11,598.58,CREDIT,online_sales,Shopify order,388535.21,retailer,sale
TXN-70170A9EBE05,2026-06-11T15:31:39,325.5,CREDIT,product_sales,Counter sale,390127.34,retailer,sale
TXN-28DC7A3D06A3,2026-06-11T19:44:48,429.95,CREDIT,bulk_order,Wholesale order,391526.55,retailer,sale
TXN-6E6B87638BA1,2026-06-11T19:50:48,139.55,CREDIT,bulk_order,Bulk purchase - B2B,393318.51,retailer,sale
TXN-02FF5B1B3FA6,2026-06-11T20:13:46,246.04,CREDIT,product_sales,In-store sales,387148.84,retailer,sale
TXN-B97BEF3D7084,2026-06-11T20:18:27,221.88,CREDIT,online_sales,Shopify order,388757.09,retailer,sale
TXN-764A4EC55C6A,2026-06-11T20:53:41,542.3,CREDIT,online_sales,Amazon marketplace,389299.39,retailer,sale
TXN-F1440EB66853,2026-06-12T08:13:40,371.22,CREDIT,returns_received,Return from vendor,396161.06,retailer,"sale,peak_day"
TXN-EC050D42F216,2026-06-12T08:43:39,519.09,CREDIT,online_sales,Shopify order,408569.55,retailer,"sale,peak_day"
TXN-1538FFFE3EAA,2026-06-12T09:07:47,1019.7,CREDIT,returns_received,Return from vendor,406752.62,retailer,"sale,peak_day"
TXN-12FF5614E2AC,2026-06-12T09:20:00,383.85,DEBIT,inventory_purchase,Stock order #TXN-D503,415307.92,retailer,"expense,inventory_order"
TXN-3C46AEEAFBAB,2026-06-12T09:29:19,69.69,CREDIT,product_sales,In-store sales,405399.04,retailer,"sale,peak_day"
TXN-7CC20F87A729,2026-06-12T09:29:23,199.33,CREDIT,online_sales,Amazon marketplace,399343.44,retailer,"sale,peak_day"
TXN-04466DEE881C,2026-06-12T10:12:59,341.1,CREDIT,bulk_order,Wholesale order,409922.09,retailer,"sale,peak_day"
TXN-2E6A099D9C8D,2026-06-12T10:18:35,466.77,CREDIT,online_sales,Amazon marketplace,407219.39,retailer,"sale,peak_day"
TXN-C08DE061D442,2026-06-12T10:46:00,645.53,DEBIT,maintenance,AC servicing,416471.93,retailer,expense
TXN-50FE9BB779EC,2026-06-12T10:47:14,772.74,CREDIT,online_sales,Online cart,401683.24,retailer,"sale,peak_day"
TXN-A89E1A707259,2026-06-12T10:54:01,393.39,CREDIT,product_sales,POS transaction,394661.9,retailer,"sale,peak_day"
TXN-FEA5136B6C6E,2026-06-12T11:04:23,292.03,CREDIT,returns_received,Supplier credit note,396453.09,retailer,"sale,peak_day"
TXN-126743471E63,2026-06-12T11:48:32,493.9,CREDIT,bulk_order,Bulk purchase - B2B,409580.99,retailer,"sale,peak_day"
TXN-ED2205B15DEE,2026-06-12T11:50:46,177.95,CREDIT,product_sales,In-store sales,411561.27,retailer,"sale,peak_day"
TXN-BA222DBD8BAA,2026-06-12T11:53:46,887.29,CREDIT,online_sales,Website checkout,394268.51,retailer,"sale,peak_day"
TXN-81BB23CB8B8C,2026-06-12T12:09:27,124.53,CREDIT,product_sales,Counter sale,396761.91,retailer,"sale,peak_day"
TXN-D74BD0F9681E,2026-06-12T12:39:38,173.58,CREDIT,returns_received,Return from vendor,410095.67,retailer,"sale,peak_day"
TXN-954F7D0D34C5,2026-06-12T12:39:58,418.31,CREDIT,bulk_order,Wholesale order,395080.21,retailer,"sale,peak_day"
TXN-C8B8C5B5ED68,2026-06-12T12:53:21,512.07,CREDIT,product_sales,In-store sales,416542.78,retailer,"sale,peak_day"
TXN-ADFB92582174,2026-06-12T13:03:42,180.91,CREDIT,online_sales,Online cart,408050.46,retailer,"sale,peak_day"
TXN-99D2184D90E5,2026-06-12T13:21:23,165.72,CREDIT,online_sales,Online cart,402433.66,retailer,"sale,peak_day"
TXN-67FC132A117D,2026-06-12T13:31:00,780.16,DEBIT,logistics,Courier charges,415691.77,retailer,expense
TXN-FE05F691C9AD,2026-06-12T13:31:21,247.29,CREDIT,product_sales,POS transaction,416030.71,retailer,"sale,peak_day"
TXN-E0180D64AFF1,2026-06-12T13:57:38,396.46,CREDIT,bulk_order,Bulk purchase - B2B,415783.42,retailer,"sale,peak_day"
TXN-A32F10166946,2026-06-12T14:13:37,541.96,CREDIT,product_sales,POS transaction,395622.17,retailer,"sale,peak_day"
TXN-30375F405A20,2026-06-12T14:24:47,622.4,CREDIT,bulk_order,Bulk purchase - B2B,403555.25,retailer,"sale,peak_day"
TXN-EC6C75F5D9F7,2026-06-12T14:26:21,499.19,CREDIT,returns_received,Supplier credit note,402932.85,retailer,"sale,peak_day"
TXN-B444BE176644,2026-06-12T14:32:19,177.37,CREDIT,bulk_order,Wholesale order,401887.03,retailer,"sale,peak_day"
TXN-E495F3CCF72B,2026-06-12T15:00:31,445.34,CREDIT,returns_received,Supplier credit note,413372.08,retailer,"sale,peak_day"
TXN-96C1BFA70CF3,2026-06-12T15:14:00,460.55,CREDIT,bulk_order,Corporate purchase,404015.8,retailer,"sale,peak_day"
TXN-4D72528A1107,2026-06-12T15:28:31,366.97,CREDIT,returns_received,Return from vendor,410630.87,retailer,"sale,peak_day"
TXN-41F197FD46DB,2026-06-12T15:41:45,517.54,CREDIT,returns_received,Supplier credit note,409087.09,retailer,"sale,peak_day"
TXN-04B637532921,2026-06-12T16:02:43,688.91,CREDIT,product_sales,Walk-in customer,398328.25,retailer,"sale,peak_day"
TXN-1F9F10AAF036,2026-06-12T16:39:45,26.42,CREDIT,product_sales,Counter sale,401709.66,retailer,"sale,peak_day"
TXN-BE606F651178,2026-06-12T17:09:16,106.49,CREDIT,product_sales,Walk-in customer,413526.28,retailer,"sale,peak_day"
TXN-94905559EBDC,2026-06-12T17:09:59,815.86,CREDIT,returns_received,Return from vendor,399144.11,retailer,"sale,peak_day"
TXN-3B181CDD35C3,2026-06-12T17:11:47,474.35,CREDIT,bulk_order,Corporate purchase,414000.63,retailer,"sale,peak_day"
TXN-A4E1B0B28AAB,2026-06-12T17:25:28,828.48,CREDIT,product_sales,Walk-in customer,400910.5,retailer,"sale,peak_day"
TXN-74CD5B08A184,2026-06-12T17:34:04,184.29,CREDIT,product_sales,Walk-in customer,396637.38,retailer,"sale,peak_day"
TXN-34D04805A21A,2026-06-12T17:36:17,907.18,CREDIT,bulk_order,Wholesale order,405329.35,retailer,"sale,peak_day"
TXN-F7EA20E43C2E,2026-06-12T17:43:19,688.28,CREDIT,bulk_order,Corporate purchase,412926.74,retailer,"sale,peak_day"
TXN-13BB335AB485,2026-06-12T17:56:50,310.94,CREDIT,returns_received,Return from vendor,414658.34,retailer,"sale,peak_day"
TXN-BFA3191846D3,2026-06-12T18:02:58,513.52,CREDIT,online_sales,Shopify order,415386.96,retailer,"sale,peak_day"
TXN-A1733D5AE540,2026-06-12T18:19:44,215.1,CREDIT,online_sales,Online cart,414873.44,retailer,"sale,peak_day"
TXN-01660C5B1719,2026-06-12T18:43:01,406.37,CREDIT,product_sales,Counter sale,404422.17,retailer,"sale,peak_day"
TXN-726EDD013DE9,2026-06-12T19:07:30,330.99,CREDIT,product_sales,Walk-in customer,397639.34,retailer,"sale,peak_day"
TXN-5398485FABA3,2026-06-12T19:29:00,677.19,CREDIT,bulk_order,Bulk purchase - B2B,412238.46,retailer,"sale,peak_day"
TXN-ACBBD6B5CBA5,2026-06-12T19:50:28,546.44,CREDIT,product_sales,Walk-in customer,397308.35,retailer,"sale,peak_day"
TXN-E184E64CCA97,2026-06-12T19:56:49,301.37,CREDIT,product_sales,Counter sale,407869.55,retailer,"sale,peak_day"
TXN-E5D410FD6603,2026-06-12T20:08:15,167.67,CREDIT,product_sales,In-store sales,395789.84,retailer,"sale,peak_day"
TXN-64479B8C0337,2026-06-12T20:10:31,449.58,CREDIT,bulk_order,Wholesale order,399793.02,retailer,"sale,peak_day"
TXN-65BCCD954AF6,2026-06-12T20:22:40,752.45,CREDIT,bulk_order,Corporate purchase,411383.32,retailer,"sale,peak_day"
TXN-934E318BC7A2,2026-06-12T20:25:04,289.0,CREDIT,returns_received,Return from vendor,400082.02,retailer,"sale,peak_day"
TXN-A75060501AC6,2026-06-12T20:26:20,168.23,CREDIT,online_sales,Shopify order,410263.9,retailer,"sale,peak_day"
TXN-B512D1340753,2026-06-12T20:31:44,574.68,CREDIT,bulk_order,Wholesale order,417117.46,retailer,"sale,peak_day"
TXN-AE5F0FB34C1C,2026-06-12T20:35:11,47.71,CREDIT,product_sales,POS transaction,413419.79,retailer,"sale,peak_day"
TXN-9DEFA68BD22B,2026-06-12T20:41:57,333.88,CREDIT,bulk_order,Wholesale order,405732.92,retailer,"sale,peak_day"
TXN-E65501143ACF,2026-06-12T20:45:49,380.91,CREDIT,online_sales,Shopify order,402267.94,retailer,"sale,peak_day"
TXN-1C39CED72F56,2026-06-12T20:48:54,346.77,CREDIT,online_sales,Online cart,414347.4,retailer,"sale,peak_day"
TXN-99D95D53496D,2026-06-12T20:59:35,348.79,CREDIT,bulk_order,Corporate purchase,407568.18,retailer,"sale,peak_day"
TXN-64EC5E3583B0,2026-06-13T08:06:36,433.87,CREDIT,online_sales,Website checkout,424669.08,retailer,"sale,peak_day"
TXN-EABD669475B4,2026-06-13T08:35:53,585.56,CREDIT,returns_received,Return from vendor,424235.21,retailer,"sale,peak_day"
TXN-7628B6F55D5B,2026-06-13T09:05:21,281.11,CREDIT,online_sales,Amazon marketplace,427514.78,retailer,"sale,peak_day"
TXN-2CB97E3A26C4,2026-06-13T09:19:36,548.72,CREDIT,returns_received,Supplier credit note,422171.54,retailer,"sale,peak_day"
TXN-2E3A82DF37F3,2026-06-13T10:05:37,473.95,CREDIT,online_sales,Online cart,416701.42,retailer,"sale,peak_day"
TXN-D904FCF8CF30,2026-06-13T10:27:07,487.85,CREDIT,online_sales,Amazon marketplace,415904.1,retailer,"sale,peak_day"
TXN-C101872CBE13,2026-06-13T10:33:24,694.19,CREDIT,online_sales,Online cart,423649.65,retailer,"sale,peak_day"
TXN-EC5435BAD328,2026-06-13T10:40:00,668.74,DEBIT,utilities,Water bill,429289.99,retailer,expense
TXN-FF7FC0054A1C,2026-06-13T10:44:59,387.86,CREDIT,returns_received,Supplier credit note,425056.94,retailer,"sale,peak_day"
TXN-FA7A2F154822,2026-06-13T10:51:57,323.37,CREDIT,online_sales,Shopify order,416227.47,retailer,"sale,peak_day"
TXN-5341D89EBED2,2026-06-13T11:20:53,107.95,CREDIT,returns_received,Return from vendor,425798.81,retailer,"sale,peak_day"
TXN-568A661C05E2,2026-06-13T11:33:03,594.77,CREDIT,online_sales,Website checkout,417480.04,retailer,"sale,peak_day"
TXN-C58FDC4C68B2,2026-06-13T11:51:37,372.18,CREDIT,bulk_order,Wholesale order,427886.96,retailer,"sale,peak_day"
TXN-5D9973F20B41,2026-06-13T11:53:47,473.19,CREDIT,online_sales,Shopify order,418243.48,retailer,"sale,peak_day"
TXN-44EF088C03AB,2026-06-13T12:09:16,539.61,CREDIT,product_sales,Counter sale,421389.48,retailer,"sale,peak_day"
TXN-DD9CF3EBF95A,2026-06-13T12:13:58,823.31,CREDIT,returns_received,Supplier credit note,420677.71,retailer,"sale,peak_day"
TXN-69516F1013FC,2026-06-13T12:14:00,290.22,DEBIT,utilities,Water bill,428999.77,retailer,expense
TXN-F763B3DCA0F9,2026-06-13T12:15:54,108.33,CREDIT,product_sales,Counter sale,415416.25,retailer,"sale,peak_day"
TXN-3ED1011E73F4,2026-06-13T12:19:32,233.34,CREDIT,returns_received,Return from vendor,421622.82,retailer,"sale,peak_day"
TXN-DA21DBD4BF22,2026-06-13T13:32:29,348.04,CREDIT,returns_received,Return from vendor,428386.55,retailer,"sale,peak_day"
TXN-ACBC2479B7C2,2026-06-13T13:38:36,230.22,CREDIT,product_sales,Counter sale,425287.16,retailer,"sale,peak_day"
TXN-2825769281E6,2026-06-13T13:46:06,403.7,CREDIT,returns_received,Return from vendor,425690.86,retailer,"sale,peak_day"
TXN-F360E53D1611,2026-06-13T14:11:35,459.3,CREDIT,product_sales,POS transaction,429182.87,retailer,"sale,peak_day"
TXN-62D1FC8F4E48,2026-06-13T14:37:48,509.48,CREDIT,bulk_order,Corporate purchase,418752.96,retailer,"sale,peak_day"
TXN-D9725805684F,2026-06-13T14:55:51,151.55,CREDIT,product_sales,POS transaction,428038.51,retailer,"sale,peak_day"
TXN-CDC1AD2DB624,2026-06-13T15:14:00,206.58,DEBIT,marketing,Google Ads,428793.19,retailer,expense
TXN-84A3806DC0AF,2026-06-13T15:38:39,331.04,CREDIT,bulk_order,Corporate purchase,422955.46,retailer,"sale,peak_day"
TXN-B909BE799009,2026-06-13T15:50:04,643.02,CREDIT,product_sales,In-store sales,426703.55,retailer,"sale,peak_day"
TXN-46B8720626AC,2026-06-13T15:55:55,494.72,CREDIT,bulk_order,Bulk purchase - B2B,419247.68,retailer,"sale,peak_day"
TXN-740B3B4F661E,2026-06-13T16:01:37,290.25,CREDIT,product_sales,Walk-in customer,417770.29,retailer,"sale,peak_day"
TXN-ABDC092F21B9,2026-06-13T16:13:09,105.71,CREDIT,bulk_order,Corporate purchase,420849.87,retailer,"sale,peak_day"
TXN-E8EC1E007A73,2026-06-13T16:16:52,87.1,CREDIT,bulk_order,Bulk purchase - B2B,419334.78,retailer,"sale,peak_day"
TXN-D7F6B40AC27C,2026-06-13T17:08:01,337.02,CREDIT,bulk_order,Wholesale order,428723.57,retailer,"sale,peak_day"
TXN-F3526A983CB1,2026-06-13T17:25:30,261.72,CREDIT,online_sales,Shopify order,426060.53,retailer,"sale,peak_day"
TXN-B27F2BCCA36E,2026-06-13T17:26:27,519.62,CREDIT,product_sales,POS transaction,419854.4,retailer,"sale,peak_day"
TXN-0E37B77990C5,2026-06-13T18:08:33,530.12,CREDIT,online_sales,Website checkout,427233.67,retailer,"sale,peak_day"
TXN-FCF1FC6F9DFD,2026-06-13T19:53:39,66.45,CREDIT,bulk_order,Bulk purchase - B2B,420744.16,retailer,"sale,peak_day"
TXN-EBEA14145577,2026-06-13T20:12:50,183.85,CREDIT,bulk_order,Bulk purchase - B2B,416885.27,retailer,"sale,peak_day"
TXN-F617B0AC4C15,2026-06-13T20:13:25,452.88,CREDIT,online_sales,Amazon marketplace,422624.42,retailer,"sale,peak_day"
TXN-751B10B8BA63,2026-06-13T20:19:43,775.86,CREDIT,product_sales,POS transaction,429958.73,retailer,"sale,peak_day"
TXN-8F9A7FD28D3A,2026-06-14T08:12:57,285.63,CREDIT,bulk_order,Corporate purchase,429831.5,retailer,"sale,peak_day"
TXN-91A3DDFFF2AD,2026-06-14T08:19:46,414.39,CREDIT,returns_received,Supplier credit note,438367.97,retailer,"sale,peak_day"
TXN-ED9F4707BE32,2026-06-14T08:45:53,305.0,CREDIT,online_sales,Amazon marketplace,439990.59,retailer,"sale,peak_day"
TXN-459BAC06E4B5,2026-06-14T09:04:06,512.69,CREDIT,returns_received,Return from vendor,435310.43,retailer,"sale,peak_day"
TXN-B9E4B061CCBA,2026-06-14T09:55:51,574.1,CREDIT,online_sales,Amazon marketplace,432183.89,retailer,"sale,peak_day"
TXN-A72F32576BE4,2026-06-14T09:58:19,686.24,CREDIT,bulk_order,Wholesale order,443588.89,retailer,"sale,peak_day"
TXN-A7E18F178BDB,2026-06-14T10:09:28,659.61,CREDIT,product_sales,POS transaction,431609.79,retailer,"sale,peak_day"
TXN-D27046A79445,2026-06-14T10:42:27,11.38,CREDIT,returns_received,Supplier credit note,435799.23,retailer,"sale,peak_day"
TXN-D7BA7920503E,2026-06-14T10:53:33,510.94,CREDIT,returns_received,Supplier credit note,434009.52,retailer,"sale,peak_day"
TXN-1BBCC3973F09,2026-06-14T10:58:50,326.18,CREDIT,returns_received,Return from vendor,434335.7,retailer,"sale,peak_day"
TXN-4567AC1B1FDA,2026-06-14T11:13:28,513.65,CREDIT,product_sales,Counter sale,444635.84,retailer,"sale,peak_day"
TXN-0324411C0986,2026-06-14T11:42:44,826.64,CREDIT,bulk_order,Bulk purchase - B2B,442656.02,retailer,"sale,peak_day"
TXN-A1B6BF7EF001,2026-06-14T11:52:11,752.68,CREDIT,product_sales,Walk-in customer,429545.87,retailer,"sale,peak_day"
TXN-449F44AAAC5F,2026-06-14T12:02:28,559.02,CREDIT,online_sales,Amazon marketplace,430390.52,retailer,"sale,peak_day"
TXN-0F656C22F754,2026-06-14T12:45:43,629.13,CREDIT,product_sales,Counter sale,441302.46,retailer,"sale,peak_day"
TXN-04052DD3C57E,2026-06-14T12:45:53,77.47,CREDIT,bulk_order,Bulk purchase - B2B,444122.19,retailer,"sale,peak_day"
TXN-1C26524FDEC1,2026-06-14T12:58:55,246.63,CREDIT,bulk_order,Wholesale order,442902.65,retailer,"sale,peak_day"
TXN-2A6F071C29DF,2026-06-14T13:14:47,624.43,CREDIT,bulk_order,Wholesale order,437953.58,retailer,"sale,peak_day"
TXN-73FB8FAF4D28,2026-06-14T13:26:51,422.82,CREDIT,bulk_order,Wholesale order,436812.14,retailer,"sale,peak_day"
TXN-72D4C22E4C54,2026-06-14T13:36:00,1332.72,DEBIT,utilities,Gas bill,443303.12,retailer,expense
TXN-60293701B63A,2026-06-14T13:42:27,440.83,CREDIT,product_sales,Counter sale,436240.06,retailer,"sale,peak_day"
TXN-A12C722EE309,2026-06-14T14:06:59,330.68,CREDIT,product_sales,Counter sale,438698.65,retailer,"sale,peak_day"
TXN-CE0E921ED784,2026-06-14T15:03:16,158.2,CREDIT,online_sales,Online cart,443747.09,retailer,"sale,peak_day"
TXN-7F0AA8E454AB,2026-06-14T15:09:43,517.01,CREDIT,bulk_order,Bulk purchase - B2B,437329.15,retailer,"sale,peak_day"
TXN-45683C5EA2B2,2026-06-14T15:47:00,166.19,DEBIT,maintenance,Equipment maintenance,442929.07,retailer,expense
TXN-CEE7995977A7,2026-06-14T15:51:01,240.19,CREDIT,bulk_order,Wholesale order,440230.78,retailer,"sale,peak_day"
TXN-6ED53F89E770,2026-06-14T16:28:46,150.66,CREDIT,bulk_order,Wholesale order,433498.58,retailer,"sale,peak_day"
TXN-2448F928487A,2026-06-14T16:38:52,477.42,CREDIT,online_sales,Amazon marketplace,435787.85,retailer,"sale,peak_day"
TXN-6B974BB6295E,2026-06-14T16:56:44,629.95,CREDIT,product_sales,In-store sales,433347.92,retailer,"sale,peak_day"
TXN-DC8890AB1431,2026-06-14T16:57:00,70.38,DEBIT,inventory_purchase,Stock order #TXN-61D9,443232.74,retailer,"expense,inventory_order"
TXN-A868DF069492,2026-06-14T17:04:08,149.26,CREDIT,online_sales,Shopify order,436389.32,retailer,"sale,peak_day"
TXN-388A4FF9CC62,2026-06-14T17:18:00,137.48,DEBIT,marketing,Google Ads,443095.26,retailer,expense
TXN-D514292BBDC9,2026-06-14T17:26:51,248.61,CREDIT,bulk_order,Corporate purchase,438947.26,retailer,"sale,peak_day"
TXN-60185B054CCD,2026-06-14T17:52:11,559.66,CREDIT,online_sales,Shopify order,430950.18,retailer,"sale,peak_day"
TXN-9A134E629F35,2026-06-14T18:23:35,534.08,CREDIT,online_sales,Online cart,432717.97,retailer,"sale,peak_day"
TXN-120EC989A5AA,2026-06-14T18:49:51,526.92,CREDIT,bulk_order,Corporate purchase,441829.38,retailer,"sale,peak_day"
TXN-29F6292702CE,2026-06-14T18:54:20,738.33,CREDIT,bulk_order,Bulk purchase - B2B,439685.59,retailer,"sale,peak_day"
TXN-22FCCE2463AC,2026-06-14T19:18:09,442.55,CREDIT,online_sales,Amazon marketplace,440673.33,retailer,"sale,peak_day"
TXN-D964CD29CE94,2026-06-14T19:47:07,462.04,CREDIT,online_sales,Shopify order,434797.74,retailer,"sale,peak_day"
TXN-BFC46A664033,2026-06-14T20:16:22,297.63,CREDIT,bulk_order,Bulk purchase - B2B,444044.72,retailer,"sale,peak_day"
TXN-6E328D34A3F5,2026-06-15T09:36:00,645.79,DEBIT,inventory_purchase,Stock order #TXN-F5DC,450329.36,retailer,"expense,inventory_order"
TXN-171463B93D73,2026-06-15T09:40:28,440.67,CREDIT,bulk_order,Bulk purchase - B2B,445555.72,retailer,sale
TXN-D68E0F2030BA,2026-06-15T10:31:29,58.34,CREDIT,product_sales,Counter sale,444936.91,retailer,sale
TXN-30F32A8BB54A,2026-06-15T10:40:05,422.79,CREDIT,bulk_order,Bulk purchase - B2B,450975.15,retailer,sale
TXN-C039BB95620B,2026-06-15T10:53:38,127.44,CREDIT,online_sales,Website checkout,448337.08,retailer,sale
TXN-4813228C5B03,2026-06-15T11:16:40,43.16,CREDIT,online_sales,Shopify order,450552.36,retailer,sale
TXN-DA842110B217,2026-06-15T11:17:00,706.52,DEBIT,inventory_purchase,Stock order #TXN-562E,449402.49,retailer,"expense,inventory_order"
TXN-7B8F9D2EEB4C,2026-06-15T11:31:25,495.0,CREDIT,returns_received,Supplier credit note,448209.64,retailer,sale
TXN-465EF2D38F5F,2026-06-15T13:05:34,482.41,CREDIT,returns_received,Return from vendor,447714.64,retailer,sale
TXN-B6F8A3A419BF,2026-06-15T13:49:01,832.77,CREDIT,product_sales,In-store sales,444320.71,retailer,sale
TXN-FE9E4B3F2DD3,2026-06-15T13:59:00,220.35,DEBIT,utilities,Water bill,450109.01,retailer,expense
TXN-AF91AA111473,2026-06-15T15:24:39,178.14,CREDIT,online_sales,Amazon marketplace,445115.05,retailer,sale
TXN-75EA75C90E46,2026-06-15T15:42:13,440.78,CREDIT,online_sales,Shopify order,447232.23,retailer,sale
TXN-C923F639F805,2026-06-15T16:01:27,834.58,CREDIT,online_sales,Website checkout,449982.34,retailer,sale
TXN-53D0F77C2B14,2026-06-15T16:07:36,274.18,CREDIT,online_sales,Shopify order,443487.94,retailer,sale
TXN-245931C8917E,2026-06-15T16:50:34,284.69,CREDIT,returns_received,Return from vendor,443213.76,retailer,sale
TXN-C0E39AD3B2C1,2026-06-15T16:54:27,280.01,CREDIT,bulk_order,Wholesale order,444878.57,retailer,sale
TXN-CD9AEA6634C7,2026-06-15T16:59:21,468.66,CREDIT,returns_received,Supplier credit note,446024.38,retailer,sale
TXN-DBDBF6668682,2026-06-15T17:11:00,277.85,CREDIT,bulk_order,Wholesale order,444598.56,retailer,sale
TXN-541436F5F3A1,2026-06-15T17:34:27,526.86,CREDIT,returns_received,Return from vendor,450509.2,retailer,sale
TXN-54E7B05CBB95,2026-06-15T18:55:11,810.68,CREDIT,online_sales,Amazon marketplace,449147.76,retailer,sale
TXN-9A140FB82A16,2026-06-15T19:22:34,767.07,CREDIT,bulk_order,Corporate purchase,446791.45,retailer,sale
TXN-6348DE897783,2026-06-16T08:15:31,367.02,CREDIT,bulk_order,Bulk purchase - B2B,450577.11,retailer,sale
TXN-077D77402292,2026-06-16T09:55:38,10.0,CREDIT,bulk_order,Corporate purchase,451341.21,retailer,sale
TXN-30886ADA27E5,2026-06-16T10:12:48,794.61,CREDIT,product_sales,Counter sale,452667.3,retailer,sale
TXN-F351DB9A45B0,2026-06-16T10:37:00,1187.76,DEBIT,maintenance,AC servicing,455623.75,retailer,expense
TXN-149706B81937,2026-06-16T10:48:00,1055.85,DEBIT,utilities,Electricity bill,456811.51,retailer,expense
TXN-1BD719B6AFF9,2026-06-16T10:56:23,308.52,CREDIT,online_sales,Shopify order,450060.11,retailer,sale
TXN-6EF7EBB6D5E5,2026-06-16T11:09:00,1912.8,DEBIT,utilities,Water bill,457867.36,retailer,expense
TXN-3AF95855C425,2026-06-16T11:46:21,383.97,CREDIT,product_sales,Walk-in customer,454264.87,retailer,sale
TXN-B0EA495F88D1,2026-06-16T11:50:32,520.71,CREDIT,returns_received,Supplier credit note,458877.54,retailer,sale
TXN-9C012D0448EB,2026-06-16T12:20:31,257.81,CREDIT,product_sales,In-store sales,449660.3,retailer,sale
TXN-76531B46B4D7,2026-06-16T12:50:49,91.29,CREDIT,bulk_order,Bulk purchase - B2B,449751.59,retailer,sale
TXN-268BEB83CE02,2026-06-16T13:56:03,713.48,CREDIT,returns_received,Supplier credit note,457728.31,retailer,sale
TXN-5EA88EA02FF0,2026-06-16T14:01:00,455.17,CREDIT,product_sales,Counter sale,456412.66,retailer,sale
TXN-83892F6E0EE1,2026-06-16T14:12:53,324.92,CREDIT,bulk_order,Wholesale order,452992.22,retailer,sale
TXN-35FC936F0762,2026-06-16T14:32:16,755.71,CREDIT,bulk_order,Corporate purchase,455020.58,retailer,sale
TXN-9A46008A8103,2026-06-16T14:58:42,602.17,CREDIT,returns_received,Supplier credit note,457014.83,retailer,sale
TXN-95E1B0F6FA4C,2026-06-16T16:03:41,379.13,CREDIT,online_sales,Shopify order,455399.71,retailer,sale
TXN-DAB0589E7446,2026-06-16T16:30:11,430.59,CREDIT,returns_received,Return from vendor,451007.7,retailer,sale
TXN-B76A2922F345,2026-06-16T16:53:20,318.98,CREDIT,returns_received,Return from vendor,459196.52,retailer,sale
TXN-0398AB250AF4,2026-06-16T17:00:31,557.78,CREDIT,product_sales,POS transaction,455957.49,retailer,sale
TXN-A3CE640F9084,2026-06-16T17:01:00,627.29,DEBIT,logistics,Last-mile delivery,454996.46,retailer,expense
TXN-C3A1F7BE2379,2026-06-16T17:37:46,246.92,CREDIT,bulk_order,Wholesale order,457975.23,retailer,sale
TXN-CD9E334A55F9,2026-06-16T17:45:32,583.64,CREDIT,returns_received,Supplier credit note,459780.16,retailer,sale
TXN-FADA9F72B39E,2026-06-16T17:51:30,496.23,CREDIT,returns_received,Return from vendor,453880.9,retailer,sale
TXN-DF7B0EA5FE5E,2026-06-16T18:06:36,381.6,CREDIT,online_sales,Website checkout,458356.83,retailer,sale
TXN-A291D6C6FFC1,2026-06-16T19:01:59,149.98,CREDIT,product_sales,POS transaction,450210.09,retailer,sale
TXN-586448BEDAFB,2026-06-16T19:54:56,323.51,CREDIT,returns_received,Return from vendor,451331.21,retailer,sale
TXN-28469E773423,2026-06-16T20:39:35,531.48,CREDIT,returns_received,Return from vendor,451872.69,retailer,sale
TXN-E5E45E53D44E,2026-06-16T20:53:04,392.45,CREDIT,returns_received,Supplier credit note,453384.67,retailer,sale
TXN-640F88F16970,2026-06-17T08:26:42,345.13,CREDIT,online_sales,Shopify order,455454.28,retailer,sale
TXN-21D98CC12D1E,2026-06-17T08:44:00,643.64,CREDIT,product_sales,POS transaction,458021.89,retailer,sale
TXN-6142EAF1A290,2026-06-17T09:32:19,297.63,CREDIT,bulk_order,Corporate purchase,459537.77,retailer,sale
TXN-BDA14C75FEA6,2026-06-17T10:44:10,443.78,CREDIT,returns_received,Return from vendor,457249.33,retailer,sale
TXN-C6A99F7BC591,2026-06-17T11:19:20,136.46,CREDIT,online_sales,Website checkout,458502.76,retailer,sale
TXN-19A741CC0F2B,2026-06-17T12:00:16,551.87,CREDIT,returns_received,Supplier credit note,460089.64,retailer,sale
TXN-6A02C66487F8,2026-06-17T12:51:01,146.9,CREDIT,product_sales,Counter sale,458366.3,retailer,sale
TXN-B2F707EFAE8D,2026-06-17T12:53:00,934.07,DEBIT,utilities,Gas bill,461578.33,retailer,expense
TXN-FF67CA7535F4,2026-06-17T13:11:46,500.55,CREDIT,online_sales,Online cart,459003.31,retailer,sale
TXN-0D95B4CCD79F,2026-06-17T13:17:40,197.51,CREDIT,bulk_order,Wholesale order,458219.4,retailer,sale
TXN-5F6F6BF2676E,2026-06-17T14:32:01,537.56,CREDIT,bulk_order,Wholesale order,461395.3,retailer,sale
TXN-E15B7CB7B69F,2026-06-17T15:44:06,417.99,CREDIT,returns_received,Return from vendor,456805.55,retailer,sale
TXN-89A4A1EBF16B,2026-06-17T16:16:10,112.69,CREDIT,returns_received,Return from vendor,455109.15,retailer,sale
TXN-BCDB552040A9,2026-06-17T16:28:52,662.24,CREDIT,product_sales,POS transaction,456387.56,retailer,sale
TXN-0671EA31A39A,2026-06-17T17:24:43,128.92,CREDIT,online_sales,Online cart,457378.25,retailer,sale
TXN-EFD216105156,2026-06-17T17:57:53,271.04,CREDIT,bulk_order,Bulk purchase - B2B,455725.32,retailer,sale
TXN-49486F7B6BFF,2026-06-17T18:42:35,768.1,CREDIT,bulk_order,Bulk purchase - B2B,460857.74,retailer,sale
TXN-7C09D1810545,2026-06-17T18:56:21,236.83,CREDIT,returns_received,Return from vendor,459240.14,retailer,sale
TXN-EDAFE952E3D8,2026-06-17T19:22:32,302.33,CREDIT,product_sales,In-store sales,462512.4,retailer,sale
TXN-F827C7B2373E,2026-06-17T20:09:32,814.77,CREDIT,returns_received,Return from vendor,462210.07,retailer,sale
TXN-7B3C1B934A5E,2026-06-18T09:00:00,895.86,DEBIT,maintenance,Plumbing repair,465730.79,retailer,expense
TXN-371384C28507,2026-06-18T10:48:18,376.64,CREDIT,bulk_order,Wholesale order,465785.14,retailer,sale
TXN-1524F30FF545,2026-06-18T11:43:43,154.1,CREDIT,bulk_order,Wholesale order,464892.19,retailer,sale
TXN-FA38BB3FEA79,2026-06-18T11:46:47,29.87,CREDIT,product_sales,Counter sale,464738.09,retailer,sale
TXN-E7AAE03B5E14,2026-06-18T12:50:31,196.57,CREDIT,returns_received,Supplier credit note,461774.9,retailer,sale
TXN-3191B4617911,2026-06-18T14:05:50,179.81,CREDIT,product_sales,In-store sales,463526.22,retailer,sale
TXN-6BAB744073C4,2026-06-18T14:37:00,1282.93,DEBIT,logistics,Last-mile delivery,466626.65,retailer,expense
TXN-2FCF0A05141D,2026-06-18T14:53:13,104.65,CREDIT,product_sales,Counter sale,461879.55,retailer,sale
TXN-C27219BF4003,2026-06-18T15:46:07,110.21,CREDIT,product_sales,POS transaction,462431.36,retailer,sale
TXN-02C51CAFF65E,2026-06-18T16:24:51,556.01,CREDIT,bulk_order,Bulk purchase - B2B,466341.15,retailer,sale
TXN-61D04FCD75B3,2026-06-18T17:16:26,254.65,CREDIT,product_sales,Counter sale,467031.07,retailer,sale
TXN-A8EC3D652C1B,2026-06-18T18:47:43,435.27,CREDIT,returns_received,Supplier credit note,466776.42,retailer,sale
TXN-6AD9EE46A543,2026-06-18T18:50:17,273.52,CREDIT,online_sales,Online cart,467304.59,retailer,sale
TXN-9F3872A31307,2026-06-18T19:00:21,522.52,CREDIT,returns_received,Supplier credit note,464708.22,retailer,sale
TXN-5AF89725F187,2026-06-18T19:58:40,659.48,CREDIT,returns_received,Supplier credit note,464185.7,retailer,sale
TXN-5CA9E310F287,2026-06-18T20:00:11,915.05,CREDIT,bulk_order,Bulk purchase - B2B,463346.41,retailer,sale
TXN-DDA206C7CADD,2026-06-18T20:10:47,441.6,CREDIT,returns_received,Return from vendor,462321.15,retailer,sale
TXN-6D480630439D,2026-06-18T20:18:00,604.99,CREDIT,online_sales,Online cart,467909.58,retailer,sale
TXN-D593EC6B907B,2026-06-18T20:41:11,516.31,CREDIT,online_sales,Website checkout,465408.5,retailer,sale
TXN-4C2D3954ADD5,2026-06-19T08:03:35,700.56,CREDIT,product_sales,POS transaction,473289.89,retailer,"sale,peak_day"
TXN-93F3D52B75CB,2026-06-19T08:23:56,645.25,CREDIT,online_sales,Website checkout,476194.33,retailer,"sale,peak_day"
TXN-47FD3042BE7B,2026-06-19T08:31:40,416.06,CREDIT,product_sales,Walk-in customer,474948.79,retailer,"sale,peak_day"
TXN-E91E601F5F37,2026-06-19T08:40:41,475.17,CREDIT,bulk_order,Corporate purchase,476669.5,retailer,"sale,peak_day"
TXN-8C0539B24E93,2026-06-19T08:43:56,579.37,CREDIT,product_sales,Walk-in customer,472589.33,retailer,"sale,peak_day"
TXN-F938FBCC7320,2026-06-19T08:59:49,147.28,CREDIT,online_sales,Shopify order,472009.96,retailer,"sale,peak_day"
TXN-488EC80441E0,2026-06-19T09:12:32,523.88,CREDIT,online_sales,Online cart,478496.04,retailer,"sale,peak_day"
TXN-6C0630BA3CFA,2026-06-19T09:13:27,296.86,CREDIT,product_sales,Counter sale,469331.26,retailer,"sale,peak_day"
TXN-80274DDDF299,2026-06-19T09:14:39,389.74,CREDIT,returns_received,Supplier credit note,467320.81,retailer,"sale,peak_day"
TXN-54C04EFE39DD,2026-06-19T09:57:00,50.0,DEBIT,logistics,Courier charges,478446.04,retailer,expense
TXN-B7FC0363B3E4,2026-06-19T10:03:55,169.71,CREDIT,online_sales,Amazon marketplace,475549.08,retailer,"sale,peak_day"
TXN-70AD06198E5F,2026-06-19T11:24:00,473.38,DEBIT,inventory_purchase,Stock order #TXN-EA73,477972.66,retailer,"expense,inventory_order"
TXN-F5DDFA0AC720,2026-06-19T11:38:28,587.54,CREDIT,bulk_order,Wholesale order,466318.33,retailer,"sale,peak_day"
TXN-22FD86CDEB2F,2026-06-19T12:15:07,585.77,CREDIT,returns_received,Supplier credit note,474532.73,retailer,"sale,peak_day"
TXN-36B7E077F923,2026-06-19T12:55:25,381.63,CREDIT,bulk_order,Corporate purchase,468383.54,retailer,"sale,peak_day"
TXN-FB32A664D64A,2026-06-19T13:35:53,604.73,CREDIT,returns_received,Return from vendor,470486.06,retailer,"sale,peak_day"
TXN-A078E5565C09,2026-06-19T13:41:15,681.1,CREDIT,returns_received,Supplier credit note,468001.91,retailer,"sale,peak_day"
TXN-EBFDE980497A,2026-06-19T14:05:23,150.61,CREDIT,bulk_order,Corporate purchase,466931.07,retailer,"sale,peak_day"
TXN-8FC02556030C,2026-06-19T14:40:29,96.53,CREDIT,product_sales,Counter sale,468480.07,retailer,"sale,peak_day"
TXN-F666377A0BBA,2026-06-19T15:03:05,794.3,CREDIT,product_sales,Walk-in customer,471862.68,retailer,"sale,peak_day"
TXN-FE3981BAB805,2026-06-19T16:30:59,327.46,CREDIT,online_sales,Website checkout,466780.46,retailer,"sale,peak_day"
TXN-5A0AF312ACFB,2026-06-19T17:02:02,821.17,CREDIT,product_sales,Counter sale,477490.67,retailer,"sale,peak_day"
TXN-B8EAD7C86994,2026-06-19T17:16:24,134.67,CREDIT,bulk_order,Corporate purchase,466453.0,retailer,"sale,peak_day"
TXN-2BDCD7694281,2026-06-19T17:19:08,657.07,CREDIT,returns_received,Supplier credit note,473946.96,retailer,"sale,peak_day"
TXN-A0DE48BD0577,2026-06-19T18:08:01,550.07,CREDIT,bulk_order,Wholesale order,469881.33,retailer,"sale,peak_day"
TXN-09E86C941598,2026-06-19T18:32:52,481.49,CREDIT,bulk_order,Corporate purchase,477972.16,retailer,"sale,peak_day"
TXN-CBBA2229D5D1,2026-06-19T19:14:52,430.58,CREDIT,online_sales,Website checkout,475379.37,retailer,"sale,peak_day"
TXN-154D92C338B8,2026-06-19T19:45:30,582.32,CREDIT,product_sales,Counter sale,471068.38,retailer,"sale,peak_day"
TXN-9CA926F6A295,2026-06-19T20:48:03,501.07,CREDIT,returns_received,Supplier credit note,469034.4,retailer,"sale,peak_day"
TXN-038DBC1A1B26,2026-06-19T20:54:05,53.26,CREDIT,returns_received,Return from vendor,468533.33,retailer,"sale,peak_day"
TXN-88711B9DEDD1,2026-06-20T08:41:20,217.93,CREDIT,online_sales,Website checkout,482955.28,retailer,"sale,peak_day"
TXN-012F9296E5D2,2026-06-20T09:09:28,66.51,CREDIT,product_sales,POS transaction,484376.66,retailer,"sale,peak_day"
TXN-BC0A550EDC0E,2026-06-20T09:22:00,741.39,DEBIT,utilities,Water bill,482600.89,retailer,expense
TXN-BDDEAC7420F7,2026-06-20T10:28:23,584.53,CREDIT,online_sales,Amazon marketplace,482362.8,retailer,"sale,peak_day"
TXN-0381B6EFB604,2026-06-20T10:45:56,384.23,CREDIT,online_sales,Online cart,479663.13,retailer,"sale,peak_day"
TXN-D652E6AC3D00,2026-06-20T11:03:32,189.91,CREDIT,bulk_order,Corporate purchase,484310.15,retailer,"sale,peak_day"
TXN-724164C8512C,2026-06-20T11:29:27,437.39,CREDIT,product_sales,In-store sales,478410.05,retailer,"sale,peak_day"
TXN-A387E942AEAF,2026-06-20T11:39:18,678.8,CREDIT,online_sales,Website checkout,480580.79,retailer,"sale,peak_day"
TXN-ACEBB24B4148,2026-06-20T12:08:33,589.07,CREDIT,returns_received,Supplier credit note,481521.78,retailer,"sale,peak_day"
TXN-7E42D0A5E9CF,2026-06-20T12:51:17,480.38,CREDIT,bulk_order,Wholesale order,479278.9,retailer,"sale,peak_day"
TXN-40BA04C1E2F0,2026-06-20T13:10:38,215.17,CREDIT,returns_received,Supplier credit note,483170.45,retailer,"sale,peak_day"
TXN-2A61BB78C092,2026-06-20T13:52:03,256.49,CREDIT,product_sales,Counter sale,481778.27,retailer,"sale,peak_day"
TXN-5AD610CF5AF6,2026-06-20T14:05:16,238.86,CREDIT,product_sales,Counter sale,479901.99,retailer,"sale,peak_day"
TXN-9F7F58C1012A,2026-06-20T14:24:00,1034.38,DEBIT,maintenance,Plumbing repair,483342.28,retailer,expense
TXN-653957B6C95C,2026-06-20T15:23:13,503.78,CREDIT,bulk_order,Corporate purchase,483674.23,retailer,"sale,peak_day"
TXN-0365DCAA1A85,2026-06-20T16:21:37,351.92,CREDIT,online_sales,Amazon marketplace,480932.71,retailer,"sale,peak_day"
TXN-91BE10971388,2026-06-20T16:58:03,446.01,CREDIT,online_sales,Website checkout,484120.24,retailer,"sale,peak_day"
TXN-11EA71569129,2026-06-20T17:26:33,388.47,CREDIT,returns_received,Return from vendor,478798.52,retailer,"sale,peak_day"
TXN-323E6016DA96,2026-06-20T18:35:24,374.55,CREDIT,returns_received,Supplier credit note,482737.35,retailer,"sale,peak_day"
TXN-53414D4021BD,2026-06-21T08:59:12,478.1,CREDIT,returns_received,Return from vendor,505697.56,retailer,"sale,peak_day"
TXN-E56A0B9C28DE,2026-06-21T09:16:32,177.53,CREDIT,online_sales,Website checkout,497900.89,retailer,"sale,peak_day"
TXN-A626A1FF6CEE,2026-06-21T09:40:33,451.65,CREDIT,bulk_order,Wholesale order,491283.11,retailer,"sale,peak_day"
TXN-43BF38A93574,2026-06-21T09:47:12,548.08,CREDIT,online_sales,Website checkout,485938.48,retailer,"sale,peak_day"
TXN-99A3403F9480,2026-06-21T09:53:12,444.15,CREDIT,returns_received,Supplier credit note,490499.77,retailer,"sale,peak_day"
TXN-83776FA2FB11,2026-06-21T10:03:26,502.62,CREDIT,returns_received,Return from vendor,493576.4,retailer,"sale,peak_day"
TXN-0B548873EB8F,2026-06-21T10:20:45,476.43,CREDIT,returns_received,Supplier credit note,497723.36,retailer,"sale,peak_day"
TXN-B206F7824F34,2026-06-21T10:20:57,653.42,CREDIT,product_sales,Counter sale,500350.25,retailer,"sale,peak_day"
TXN-1C7F82EC10B7,2026-06-21T10:25:53,574.41,CREDIT,bulk_order,Wholesale order,490055.62,retailer,"sale,peak_day"
TXN-A66407FB51EC,2026-06-21T10:39:28,320.84,CREDIT,returns_received,Supplier credit note,496461.47,retailer,"sale,peak_day"
TXN-60598B5EE46E,2026-06-21T10:41:14,188.14,CREDIT,bulk_order,Corporate purchase,496140.63,retailer,"sale,peak_day"
TXN-3F7746F1C629,2026-06-21T11:09:52,864.73,CREDIT,online_sales,Amazon marketplace,499504.8,retailer,"sale,peak_day"
TXN-EC9F07B728A9,2026-06-21T11:33:18,499.02,CREDIT,bulk_order,Wholesale order,506196.58,retailer,"sale,peak_day"
TXN-01ACBF3BE606,2026-06-21T11:47:29,407.02,CREDIT,returns_received,Return from vendor,484018.85,retailer,"sale,peak_day"
TXN-95CD7A3B4AE0,2026-06-21T12:22:29,569.99,CREDIT,bulk_order,Wholesale order,484588.84,retailer,"sale,peak_day"
TXN-4C27D72E1AB5,2026-06-21T12:42:08,26.86,CREDIT,product_sales,Counter sale,501668.57,retailer,"sale,peak_day"
TXN-4A43EBB07FCE,2026-06-21T12:48:36,25.74,CREDIT,product_sales,Counter sale,497926.63,retailer,"sale,peak_day"
TXN-A1C6A104E36C,2026-06-21T13:00:46,487.06,CREDIT,online_sales,Amazon marketplace,497246.93,retailer,"sale,peak_day"
TXN-4143488C9813,2026-06-21T13:05:45,659.69,CREDIT,bulk_order,Bulk purchase - B2B,486598.17,retailer,"sale,peak_day"
TXN-AA0DC75D3F77,2026-06-21T13:28:52,284.91,CREDIT,product_sales,POS transaction,498640.07,retailer,"sale,peak_day"
TXN-543669AF5ABC,2026-06-21T13:39:38,526.22,CREDIT,online_sales,Amazon marketplace,489481.21,retailer,"sale,peak_day"
TXN-F6922145A198,2026-06-21T13:49:37,331.69,CREDIT,online_sales,Online cart,490831.46,retailer,"sale,peak_day"
TXN-C4C0B3D94414,2026-06-21T14:00:58,556.77,CREDIT,product_sales,Counter sale,487154.94,retailer,"sale,peak_day"
TXN-1CA3B3B8DF33,2026-06-21T14:01:34,696.68,CREDIT,online_sales,Online cart,503848.79,retailer,"sale,peak_day"
TXN-C817D61B7C43,2026-06-21T14:36:12,474.29,CREDIT,product_sales,In-store sales,493073.78,retailer,"sale,peak_day"
TXN-768839B7A228,2026-06-21T14:50:20,428.53,CREDIT,returns_received,Return from vendor,498355.16,retailer,"sale,peak_day"
TXN-6BFAC522FDF5,2026-06-21T15:18:17,304.77,CREDIT,online_sales,Website checkout,483237.5,retailer,"sale,peak_day"
TXN-22DCB3E6E99B,2026-06-21T15:19:00,1668.77,DEBIT,logistics,Shipping cost,503726.92,retailer,expense
TXN-51A40D622C49,2026-06-21T15:24:18,315.2,CREDIT,returns_received,Return from vendor,487893.97,retailer,"sale,peak_day"
TXN-08EEAD876391,2026-06-21T15:31:56,192.03,CREDIT,bulk_order,Wholesale order,499696.83,retailer,"sale,peak_day"
TXN-C64409EBAA8E,2026-06-21T15:53:14,331.84,CREDIT,returns_received,Supplier credit note,482932.73,retailer,"sale,peak_day"
TXN-5BE5A6E6CD1C,2026-06-21T15:53:28,637.99,CREDIT,bulk_order,Bulk purchase - B2B,504486.78,retailer,"sale,peak_day"
TXN-DC22682001D9,2026-06-21T16:04:25,613.62,CREDIT,returns_received,Supplier credit note,488507.59,retailer,"sale,peak_day"
TXN-5C956135C419,2026-06-21T16:12:23,943.29,CREDIT,bulk_order,Wholesale order,502611.86,retailer,"sale,peak_day"
TXN-1C1E57645853,2026-06-21T16:18:35,144.23,CREDIT,bulk_order,Wholesale order,506340.81,retailer,"sale,peak_day"
TXN-AA519CC235CE,2026-06-21T16:35:25,374.33,CREDIT,online_sales,Amazon marketplace,483611.83,retailer,"sale,peak_day"
TXN-1DDFA0F5DB0C,2026-06-21T16:40:29,801.56,CREDIT,online_sales,Amazon marketplace,485390.4,retailer,"sale,peak_day"
TXN-B8FE7D4ABCAD,2026-06-21T16:45:25,449.04,CREDIT,bulk_order,Wholesale order,492599.49,retailer,"sale,peak_day"
TXN-4839B7A97CD8,2026-06-21T16:50:53,350.98,CREDIT,bulk_order,Corporate purchase,491634.09,retailer,"sale,peak_day"
TXN-64A67567DACF,2026-06-21T17:08:00,1213.06,DEBIT,utilities,Electricity bill,502513.86,retailer,expense
TXN-2FB205A5EE05,2026-06-21T17:10:00,1343.25,DEBIT,marketing,Google Ads,505395.69,retailer,expense
TXN-A194377730AD,2026-06-21T17:16:18,1066.56,CREDIT,bulk_order,Corporate purchase,494642.96,retailer,"sale,peak_day"
TXN-CB919F35C8C2,2026-06-21T17:49:25,540.25,CREDIT,bulk_order,Bulk purchase - B2B,503152.11,retailer,"sale,peak_day"
TXN-4D1098ADA4F0,2026-06-21T18:02:04,493.51,CREDIT,bulk_order,Corporate purchase,501641.71,retailer,"sale,peak_day"
TXN-8311F9FCCF5C,2026-06-21T18:23:58,546.53,CREDIT,online_sales,Website checkout,501148.2,retailer,"sale,peak_day"
TXN-F38130C4F4DA,2026-06-21T18:35:28,251.42,CREDIT,online_sales,Website checkout,500601.67,retailer,"sale,peak_day"
TXN-0BE543D02565,2026-06-21T18:46:57,499.11,CREDIT,product_sales,Counter sale,495727.25,retailer,"sale,peak_day"
TXN-55DE503CB96F,2026-06-21T18:52:45,225.24,CREDIT,returns_received,Return from vendor,495952.49,retailer,"sale,peak_day"
TXN-296327552552,2026-06-21T18:54:29,447.4,CREDIT,product_sales,Counter sale,488954.99,retailer,"sale,peak_day"
TXN-634CF93300B4,2026-06-21T19:04:49,516.36,CREDIT,bulk_order,Corporate purchase,492150.45,retailer,"sale,peak_day"
TXN-23BBF539A935,2026-06-21T19:26:38,471.65,CREDIT,product_sales,Walk-in customer,505219.46,retailer,"sale,peak_day"
TXN-FFF1CA29167C,2026-06-21T20:02:05,261.03,CREDIT,product_sales,Counter sale,504747.81,retailer,"sale,peak_day"
TXN-594A136A03B0,2026-06-21T20:42:59,398.13,CREDIT,online_sales,Shopify order,506738.94,retailer,"sale,peak_day"
TXN-1051C70A0DA9,2026-06-21T20:43:00,585.18,CREDIT,bulk_order,Wholesale order,495228.14,retailer,"sale,peak_day"
TXN-5B1B4CBC077E,2026-06-21T20:44:02,298.4,CREDIT,bulk_order,Wholesale order,496759.87,retailer,"sale,peak_day"
TXN-C49A82B56126,2026-06-21T20:57:25,423.83,CREDIT,product_sales,POS transaction,487578.77,retailer,"sale,peak_day"
TXN-56136B7AF29B,2026-06-22T08:06:03,246.6,CREDIT,product_sales,In-store sales,513238.36,retailer,sale
TXN-6B8202341B28,2026-06-22T08:34:14,208.71,CREDIT,returns_received,Return from vendor,513847.44,retailer,sale
TXN-2CB96CF78544,2026-06-22T08:46:00,1037.5,DEBIT,maintenance,Plumbing repair,515332.36,retailer,expense
TXN-DB5C4FCE54BC,2026-06-22T09:29:35,552.24,CREDIT,online_sales,Website checkout,507746.41,retailer,sale
TXN-58980D102ED6,2026-06-22T09:31:08,229.19,CREDIT,returns_received,Supplier credit note,514076.63,retailer,sale
TXN-D6E7DC074E22,2026-06-22T10:06:12,534.47,CREDIT,returns_received,Supplier credit note,515141.23,retailer,sale
TXN-43BA409BA8C8,2026-06-22T10:09:31,872.76,CREDIT,product_sales,In-store sales,519545.72,retailer,sale
TXN-80C887A67E01,2026-06-22T10:17:53,773.23,CREDIT,online_sales,Website checkout,516424.94,retailer,sale
TXN-4DF6615A5182,2026-06-22T10:28:03,400.37,CREDIT,online_sales,Shopify order,513638.73,retailer,sale
TXN-4278BB2992F5,2026-06-22T10:34:20,622.08,CREDIT,returns_received,Return from vendor,509470.12,retailer,sale
TXN-AC7139F2328E,2026-06-22T10:47:27,869.49,CREDIT,online_sales,Online cart,517294.43,retailer,sale
TXN-B1F0DD377E33,2026-06-22T10:48:37,597.97,CREDIT,online_sales,Website checkout,505120.74,retailer,sale
TXN-4FD212C99D72,2026-06-22T11:21:11,196.09,CREDIT,returns_received,Return from vendor,503870.34,retailer,sale
TXN-8AC514D51461,2026-06-22T11:22:41,386.75,CREDIT,product_sales,Counter sale,507194.17,retailer,sale
TXN-9F562ADEE49D,2026-06-22T12:00:45,502.38,CREDIT,product_sales,Walk-in customer,518308.91,retailer,sale
TXN-6EA2E1345B32,2026-06-22T12:06:00,1257.83,DEBIT,logistics,Shipping cost,518287.89,retailer,expense
TXN-E6ECEB615227,2026-06-22T13:23:38,332.77,CREDIT,online_sales,Online cart,506504.04,retailer,sale
TXN-FB3D9A4093C4,2026-06-22T13:28:59,530.13,CREDIT,bulk_order,Bulk purchase - B2B,514606.76,retailer,sale
TXN-E872183EA112,2026-06-22T13:50:12,466.49,CREDIT,returns_received,Return from vendor,504522.77,retailer,sale
TXN-E2ECF8B9574E,2026-06-22T14:04:01,409.01,CREDIT,bulk_order,Wholesale order,505529.75,retailer,sale
TXN-91A7C9B6DE0C,2026-06-22T14:26:16,808.44,CREDIT,bulk_order,Bulk purchase - B2B,512991.76,retailer,sale
TXN-CF07AD624E2A,2026-06-22T15:13:43,563.51,CREDIT,returns_received,Return from vendor,510956.94,retailer,sale
TXN-A690CEE651EA,2026-06-22T15:28:53,162.49,CREDIT,online_sales,Shopify order,515303.72,retailer,sale
TXN-334C96EDEF7D,2026-06-22T16:10:51,641.52,CREDIT,returns_received,Return from vendor,506171.27,retailer,sale
TXN-6CA9C1CD3695,2026-06-22T16:18:22,347.99,CREDIT,online_sales,Online cart,515651.71,retailer,sale
TXN-78D7F1FE9C71,2026-06-22T16:25:21,357.49,CREDIT,bulk_order,Wholesale order,502871.35,retailer,sale
TXN-6F650B365705,2026-06-22T16:46:22,470.51,CREDIT,returns_received,Supplier credit note,503674.25,retailer,sale
TXN-5FFBDC999BEE,2026-06-22T16:58:01,477.41,CREDIT,online_sales,Shopify order,512183.32,retailer,sale
TXN-7226047E8140,2026-06-22T16:59:22,374.6,CREDIT,returns_received,Supplier credit note,508848.04,retailer,sale
TXN-4B2E227A9107,2026-06-22T17:36:19,185.94,CREDIT,bulk_order,Bulk purchase - B2B,504056.28,retailer,sale
TXN-3DA48CAB69AD,2026-06-22T17:46:05,764.84,CREDIT,product_sales,Counter sale,510234.96,retailer,sale
TXN-4D91779363E8,2026-06-22T17:51:00,50.0,DEBIT,utilities,Water bill,516369.86,retailer,expense
TXN-F9BE2A712901,2026-06-22T18:04:12,158.47,CREDIT,product_sales,Walk-in customer,510393.43,retailer,sale
TXN-7867D9D35879,2026-06-22T18:25:14,332.39,CREDIT,bulk_order,Wholesale order,503203.74,retailer,sale
TXN-09ADC57AFCD0,2026-06-22T18:50:00,1868.03,DEBIT,maintenance,Equipment maintenance,516419.86,retailer,expense
TXN-F79B3F4C3D2F,2026-06-22T18:59:48,303.38,CREDIT,online_sales,Amazon marketplace,506807.42,retailer,sale
TXN-63321C98B5F4,2026-06-22T19:00:58,727.03,CREDIT,product_sales,Walk-in customer,508473.44,retailer,sale
TXN-1FC21355DEF7,2026-06-22T19:29:10,512.1,CREDIT,returns_received,Return from vendor,517806.53,retailer,sale
TXN-D355EFF1C5F6,2026-06-22T19:56:49,364.05,CREDIT,online_sales,Online cart,518672.96,retailer,sale
TXN-034914C6433B,2026-06-22T20:26:38,748.97,CREDIT,product_sales,In-store sales,511705.91,retailer,sale
TXN-140DDDFCBC47,2026-06-23T08:11:22,224.3,CREDIT,product_sales,Counter sale,520376.64,retailer,sale
TXN-495E01F77FA2,2026-06-23T08:23:13,565.47,CREDIT,product_sales,POS transaction,518197.34,retailer,sale
TXN-9C6C173BEA7C,2026-06-23T08:41:35,434.95,CREDIT,bulk_order,Bulk purchase - B2B,521305.58,retailer,sale
TXN-78B09DEBA295,2026-06-23T08:51:57,478.82,CREDIT,online_sales,Online cart,519081.95,retailer,sale
TXN-E941876654FF,2026-06-23T09:29:37,379.44,CREDIT,product_sales,Walk-in customer,519461.39,retailer,sale
TXN-7F38BD7B2B77,2026-06-23T11:11:57,597.28,CREDIT,returns_received,Return from vendor,516572.94,retailer,sale
TXN-D070A608AE49,2026-06-23T11:40:28,690.95,CREDIT,bulk_order,Corporate purchase,520152.34,retailer,sale
TXN-81EC5C18CFFB,2026-06-23T13:02:00,1238.55,DEBIT,marketing,Google Ads,518519.09,retailer,expense
TXN-4054656CC0A7,2026-06-23T13:05:22,493.99,CREDIT,online_sales,Amazon marketplace,520870.63,retailer,sale
TXN-CF551AB6B5C2,2026-06-23T13:17:51,405.79,CREDIT,bulk_order,Corporate purchase,518603.13,retailer,sale
TXN-CFAA64171F09,2026-06-23T14:48:30,500.33,CREDIT,returns_received,Supplier credit note,517631.87,retailer,sale
TXN-BE32B9A2DFB6,2026-06-23T15:13:00,819.57,DEBIT,utilities,Gas bill,519757.64,retailer,expense
TXN-F6D6850EC528,2026-06-23T15:20:00,1238.04,DEBIT,inventory_purchase,Stock order #TXN-B8E3,520577.21,retailer,"expense,inventory_order"
TXN-F95F274B2169,2026-06-23T15:47:38,509.67,CREDIT,online_sales,Amazon marketplace,521815.25,retailer,sale
TXN-73F88D44494C,2026-06-23T17:25:30,60.62,CREDIT,returns_received,Supplier credit note,516633.56,retailer,sale
TXN-2ADB8C5987F3,2026-06-23T19:28:51,497.98,CREDIT,product_sales,In-store sales,517131.54,retailer,sale
TXN-D16B5DFF90F1,2026-06-23T19:34:17,643.3,CREDIT,online_sales,Amazon marketplace,515975.66,retailer,sale
TXN-FCBE6EE99E55,2026-06-24T08:14:36,52.69,CREDIT,returns_received,Supplier credit note,531147.47,retailer,sale
TXN-DCE4B2A04BA0,2026-06-24T08:18:51,857.26,CREDIT,product_sales,In-store sales,520630.95,retailer,sale
TXN-13FB5A60D5E0,2026-06-24T08:32:49,673.86,CREDIT,product_sales,Walk-in customer,529374.94,retailer,sale
TXN-94A8E2A4F2B6,2026-06-24T09:09:50,394.9,CREDIT,online_sales,Amazon marketplace,522640.38,retailer,sale
TXN-9D373AB838B2,2026-06-24T09:29:49,262.63,CREDIT,product_sales,POS transaction,524163.36,retailer,sale
TXN-C94AA209E9F2,2026-06-24T10:14:00,1307.44,DEBIT,inventory_purchase,Stock order #TXN-2AA1,531561.59,retailer,"expense,inventory_order"
TXN-8B1BDE69105C,2026-06-24T10:47:22,568.09,CREDIT,online_sales,Shopify order,525317.28,retailer,sale
TXN-9A2A0D921C21,2026-06-24T11:08:39,425.41,CREDIT,online_sales,Shopify order,531790.35,retailer,sale
TXN-65642786B0D5,2026-06-24T11:15:38,381.31,CREDIT,returns_received,Supplier credit note,530795.07,retailer,sale
TXN-D53DC935DDDC,2026-06-24T11:43:17,179.38,CREDIT,product_sales,In-store sales,528701.08,retailer,sale
TXN-83BEF0F775A8,2026-06-24T12:47:28,703.19,CREDIT,product_sales,In-store sales,526288.07,retailer,sale
TXN-F83CC803385C,2026-06-24T13:31:28,505.21,CREDIT,returns_received,Return from vendor,527432.77,retailer,sale
TXN-FD3B030A8352,2026-06-24T13:42:39,339.66,CREDIT,online_sales,Amazon marketplace,529714.6,retailer,sale
TXN-EEFF1BD9AE1D,2026-06-24T13:46:04,345.57,CREDIT,returns_received,Supplier credit note,532869.03,retailer,sale
TXN-DE9DD625629A,2026-06-24T14:03:27,637.21,CREDIT,returns_received,Supplier credit note,521658.56,retailer,sale
TXN-682D17CD2943,2026-06-24T14:03:52,532.64,CREDIT,bulk_order,Corporate purchase,523900.73,retailer,sale
TXN-43991CD66579,2026-06-24T14:12:16,391.29,CREDIT,returns_received,Return from vendor,519773.69,retailer,sale
TXN-300F3F136A44,2026-06-24T14:58:36,699.16,CREDIT,bulk_order,Bulk purchase - B2B,530413.76,retailer,sale
TXN-F8D9198A8ACC,2026-06-24T15:29:51,160.19,CREDIT,product_sales,In-store sales,518679.28,retailer,sale
TXN-34F436D95EBE,2026-06-24T15:57:11,710.42,CREDIT,returns_received,Supplier credit note,528143.19,retailer,sale
TXN-D5236455C1B3,2026-06-24T16:00:20,378.51,CREDIT,bulk_order,Wholesale order,528521.7,retailer,sale
TXN-4859FCEC64F0,2026-06-24T16:33:41,733.11,CREDIT,returns_received,Supplier credit note,532523.46,retailer,sale
TXN-004EFCF3BA6C,2026-06-24T16:41:34,703.12,CREDIT,bulk_order,Bulk purchase - B2B,519382.4,retailer,sale
TXN-245A7D4C0C78,2026-06-24T17:01:56,369.84,CREDIT,bulk_order,Bulk purchase - B2B,523368.09,retailer,sale
TXN-E5EB398880AE,2026-06-24T17:05:44,585.83,CREDIT,online_sales,Amazon marketplace,524749.19,retailer,sale
TXN-BD86EE8C1731,2026-06-24T17:23:03,357.87,CREDIT,bulk_order,Corporate purchase,522998.25,retailer,sale
TXN-83A851ED614B,2026-06-24T17:24:20,217.47,CREDIT,online_sales,Website checkout,531364.94,retailer,sale
TXN-43182C211F9F,2026-06-24T17:37:42,267.6,CREDIT,online_sales,Online cart,525584.88,retailer,sale
TXN-EC9B92338EF9,2026-06-24T17:52:25,299.71,CREDIT,product_sales,POS transaction,531094.78,retailer,sale
TXN-C19E5DBDACD6,2026-06-24T17:56:05,639.49,CREDIT,bulk_order,Corporate purchase,526927.56,retailer,sale
TXN-1300DB6511E9,2026-06-24T18:50:01,413.65,CREDIT,returns_received,Supplier credit note,522072.21,retailer,sale
TXN-5A32B43D9766,2026-06-24T18:50:53,173.27,CREDIT,product_sales,Counter sale,522245.48,retailer,sale
TXN-7320B552FC8F,2026-06-24T20:40:19,390.4,CREDIT,online_sales,Amazon marketplace,521021.35,retailer,sale
TXN-3D30509A1B19,2026-06-25T07:44:00,56391.75,DEBIT,logistics,[ANOMALY] Large logistics payment,484926.54,retailer,"anomaly,large_expense"
TXN-39B6563C613E,2026-06-25T10:25:57,365.96,CREDIT,product_sales,POS transaction,535025.67,retailer,sale
TXN-D0C836C4A052,2026-06-25T11:21:06,465.75,CREDIT,online_sales,Shopify order,541778.68,retailer,sale
TXN-97EC702BD55B,2026-06-25T11:25:57,585.78,CREDIT,online_sales,Online cart,540813.99,retailer,sale
TXN-BF5CF2565E92,2026-06-25T11:54:55,307.0,CREDIT,online_sales,Online cart,541312.93,retailer,sale
TXN-7CC38FA6AB37,2026-06-25T12:21:45,576.01,CREDIT,bulk_order,Corporate purchase,536080.17,retailer,sale
TXN-0F441ECF04EE,2026-06-25T12:41:00,652.28,DEBIT,marketing,Facebook Ads,541318.29,retailer,expense
TXN-E5E6E981DF9C,2026-06-25T13:57:52,490.35,CREDIT,product_sales,Counter sale,539266.09,retailer,sale
TXN-A4B3E3BCAC43,2026-06-25T14:09:33,577.95,CREDIT,returns_received,Return from vendor,538255.87,retailer,sale
TXN-A7680510C5BB,2026-06-25T14:22:57,330.96,CREDIT,product_sales,Walk-in customer,531892.55,retailer,sale
TXN-E402CCF06A62,2026-06-25T14:24:04,478.49,CREDIT,returns_received,Return from vendor,535504.16,retailer,sale
TXN-FC8D4F9020CC,2026-06-25T15:18:40,612.52,CREDIT,product_sales,Counter sale,539878.61,retailer,sale
TXN-5C5079B979C0,2026-06-25T15:41:16,991.11,CREDIT,bulk_order,Bulk purchase - B2B,537677.92,retailer,sale
TXN-A33191974D63,2026-06-25T15:45:46,45.56,CREDIT,online_sales,Online cart,536686.81,retailer,sale
TXN-C9AA21023754,2026-06-25T15:49:01,252.77,CREDIT,bulk_order,Bulk purchase - B2B,532767.7,retailer,sale
TXN-8D537C200F22,2026-06-25T16:15:05,320.98,CREDIT,returns_received,Return from vendor,533088.68,retailer,sale
TXN-2D0A9B5EA62A,2026-06-25T16:56:11,191.89,CREDIT,returns_received,Return from vendor,541970.57,retailer,sale
TXN-07E46E1D6E85,2026-06-25T17:37:00,427.72,CREDIT,returns_received,Return from vendor,532514.93,retailer,sale
TXN-0A5BE58107A8,2026-06-25T17:59:46,191.94,CREDIT,bulk_order,Corporate purchase,541005.93,retailer,sale
TXN-7B08D75B7F01,2026-06-25T18:24:09,625.79,CREDIT,product_sales,Walk-in customer,533714.47,retailer,sale
TXN-84318C67C56D,2026-06-25T19:14:41,519.87,CREDIT,online_sales,Online cart,538775.74,retailer,sale
TXN-846C7B00842A,2026-06-25T19:31:13,349.6,CREDIT,bulk_order,Corporate purchase,540228.21,retailer,sale
TXN-12CD2CA28270,2026-06-25T19:36:57,194.66,CREDIT,online_sales,Amazon marketplace,532087.21,retailer,sale
TXN-53E04A84FAFD,2026-06-25T20:41:19,945.24,CREDIT,product_sales,POS transaction,534659.71,retailer,sale
TXN-BE87D3C704D3,2026-06-25T20:47:32,561.08,CREDIT,returns_received,Return from vendor,536641.25,retailer,sale
TXN-D88CD7820A0E,2026-06-26T08:08:00,381.17,DEBIT,maintenance,AC servicing,490341.5,retailer,expense
TXN-EB132D028C0B,2026-06-26T08:18:19,453.3,CREDIT,product_sales,Walk-in customer,485870.41,retailer,"sale,peak_day"
TXN-3CADAA69505B,2026-06-26T08:46:32,550.18,CREDIT,returns_received,Return from vendor,488465.69,retailer,"sale,peak_day"
TXN-5C7A5233B277,2026-06-26T09:35:24,490.57,CREDIT,online_sales,Shopify order,485417.11,retailer,"sale,peak_day"
TXN-E4DBAB93AFAC,2026-06-26T09:52:37,592.46,CREDIT,product_sales,Walk-in customer,487915.51,retailer,"sale,peak_day"
TXN-1D1655C1C55A,2026-06-26T10:31:45,752.58,CREDIT,online_sales,Shopify order,490636.8,retailer,"sale,peak_day"
TXN-4614774BD5E8,2026-06-26T11:14:11,690.88,CREDIT,bulk_order,Corporate purchase,493511.01,retailer,"sale,peak_day"
TXN-C69C65C72499,2026-06-26T11:34:48,357.1,CREDIT,product_sales,Walk-in customer,488822.79,retailer,"sale,peak_day"
TXN-7CE6C96CE021,2026-06-26T11:41:54,262.34,CREDIT,online_sales,Online cart,489360.99,retailer,"sale,peak_day"
TXN-B3112B65B8B7,2026-06-26T12:12:16,454.9,CREDIT,bulk_order,Bulk purchase - B2B,486703.14,retailer,"sale,peak_day"
TXN-6CBD08D30002,2026-06-26T12:37:45,471.79,CREDIT,online_sales,Shopify order,491882.61,retailer,"sale,peak_day"
TXN-BEEBF4A67EF8,2026-06-26T13:37:57,275.86,CREDIT,online_sales,Online cart,489098.65,retailer,"sale,peak_day"
TXN-824F636719AC,2026-06-26T15:02:00,532.8,DEBIT,utilities,Internet bill,492978.21,retailer,expense
TXN-7609596EFB58,2026-06-26T15:42:35,377.83,CREDIT,online_sales,Online cart,487080.97,retailer,"sale,peak_day"
TXN-C4C563303040,2026-06-26T15:57:27,377.83,CREDIT,product_sales,Counter sale,486248.24,retailer,"sale,peak_day"
TXN-F0CB4D341BF8,2026-06-26T16:44:00,527.98,DEBIT,maintenance,Plumbing repair,490722.67,retailer,expense
TXN-D796B952799A,2026-06-26T16:51:16,242.08,CREDIT,online_sales,Amazon marketplace,487323.05,retailer,"sale,peak_day"
TXN-DA2EB87CCB33,2026-06-26T17:36:00,1727.56,DEBIT,logistics,Last-mile delivery,491250.65,retailer,expense
TXN-16CCA675ECEA,2026-06-26T18:45:36,499.35,CREDIT,online_sales,Website checkout,491136.15,retailer,"sale,peak_day"
TXN-7AA1D96A91F6,2026-06-26T19:30:30,274.67,CREDIT,bulk_order,Corporate purchase,491410.82,retailer,"sale,peak_day"
TXN-D2A2EE9C1E82,2026-06-26T20:16:30,474.08,CREDIT,returns_received,Return from vendor,492820.13,retailer,"sale,peak_day"
TXN-E73E5916BDFB,2026-06-26T20:19:38,463.44,CREDIT,bulk_order,Corporate purchase,492346.05,retailer,"sale,peak_day"
TXN-C7141969B7D5,2026-06-26T20:40:23,523.23,CREDIT,product_sales,Counter sale,489884.22,retailer,"sale,peak_day"
